schema: nhaim.public_status.local_complete_execution.v4.1
execution_target_head: dda1d03bc54f52261e27b60642a314748b94a8d6
worktree: C:\tmp\nhaim-public-status-v4-exact-head-v2-worktree-019fb0f6-final
output_directory: C:\tmp\nhaim-public-status-v4-evidence-v2-output-019fb0f6-final

[00-python-version] PASS exit=0
description: Record Python version
working_directory: C:\tmp\nhaim-public-status-v4-exact-head-v2-worktree-019fb0f6-final
command:
  python --version
stdout:
Python 3.13.14
stderr:


[00-node-version] PASS exit=0
description: Record Node version
working_directory: C:\tmp\nhaim-public-status-v4-exact-head-v2-worktree-019fb0f6-final
command:
  node --version
stdout:
v24.18.0
stderr:


[00-git-head-rev-parse] PASS exit=0
description: Verify exact detached HEAD SHA
working_directory: C:\tmp\nhaim-public-status-v4-exact-head-v2-worktree-019fb0f6-final
command:
  $h = git rev-parse HEAD; $h; if ($h -ne 'dda1d03bc54f52261e27b60642a314748b94a8d6') { exit 1 }
stdout:
dda1d03bc54f52261e27b60642a314748b94a8d6
stderr:


[00-git-head-symbolic-ref] PASS exit=1
description: Verify no symbolic branch
working_directory: C:\tmp\nhaim-public-status-v4-exact-head-v2-worktree-019fb0f6-final
command:
  git symbolic-ref -q HEAD
stdout:

stderr:


[00-git-branch-current] PASS exit=0
description: Verify empty current branch
working_directory: C:\tmp\nhaim-public-status-v4-exact-head-v2-worktree-019fb0f6-final
command:
  $b = git branch --show-current; $b; if ($b) { exit 1 }
stdout:

stderr:


[00-git-abbrev-ref] PASS exit=0
description: Verify abbrev-ref is HEAD
working_directory: C:\tmp\nhaim-public-status-v4-exact-head-v2-worktree-019fb0f6-final
command:
  $r = git rev-parse --abbrev-ref HEAD; $r; if ($r -ne 'HEAD') { exit 1 }
stdout:
HEAD
stderr:


[00-git-status-before] PASS exit=0
description: Verify clean worktree before suite
working_directory: C:\tmp\nhaim-public-status-v4-exact-head-v2-worktree-019fb0f6-final
command:
  $s = git status --porcelain=v1 --untracked-files=all; if ($s) { $s; exit 1 }
stdout:

stderr:


[01-python-compile] PASS exit=0
description: Python compilation without bytecode output
working_directory: C:\tmp\nhaim-public-status-v4-exact-head-v2-worktree-019fb0f6-final
command:
  python -B -c 'import pathlib; files=[''tools/public_status_checks.py'', ''tools/validate_status_consistency.py'', ''tools/validate_public_surface_scan.py'', ''tools/test_public_status_mutations.py'', ''tools/test_internal_link_negative_control.py'', ''tools/validate_internal_links.py'', ''tools/test_json_schema_negative_controls.py'', ''tools/validate_json_schema.py'', ''tools/validate_learning_page.py'', ''tools/validate_full_lean_portfolio.py'', ''tools/validate_publication.py'', ''tools/validate_publication_v2.py'', ''tools/validate_publication_gate.py'', ''tools/validate_public_state.py'', ''tools/validate_public_release.py'', ''tools/validate_public_release_v2.py'', ''papers/HINC-001/src/mcrc_hidden_infinitesimal_noncommutativity_standalone.py'', ''papers/HINC-001/src/standalone_common_core_verifier.py'', ''papers/HINC-001/tests/test_hinc_standalone.py'', ''papers/ABF-001/src/abf001_verifier.py'', ''papers/ABF-001/src/abf001_independent_bitset.py'', ''papers/ABF-001/tests/test_abf001.py'']; [compile(pathlib.Path(p).read_text(encoding=''utf-8-sig''), p, ''exec'') for p in files]; print(''python compile PASS'', len(files))'
stdout:
python compile PASS 22
stderr:


[02-json-syntax] PASS exit=0
description: JSON syntax validation for tracked JSON files
working_directory: C:\tmp\nhaim-public-status-v4-exact-head-v2-worktree-019fb0f6-final
command:
  python -B -c 'import json,pathlib,subprocess; files=subprocess.check_output([''git'',''ls-files'',''*.json''], text=True).splitlines(); [json.loads(pathlib.Path(p).read_text(encoding=''utf-8-sig'')) for p in files]; print(''json syntax PASS'', len(files))'
stdout:
json syntax PASS 71
stderr:


[03-json-schema-positive] PASS exit=0
description: Genuine JSON Schema positive validation
working_directory: C:\tmp\nhaim-public-status-v4-exact-head-v2-worktree-019fb0f6-final
command:
  python -B tools/validate_json_schema.py --root . --output 'C:\tmp\nhaim-public-status-v4-evidence-v2-output-019fb0f6-final\json-schema-validation.json'
stdout:
{
  "failure_count": 0,
  "record_count": 7,
  "records": [
    {
      "errors": [],
      "instance_file": "research-index.json",
      "result": "PASS",
      "schema_file": "schemas/research-index.schema.json",
      "validator": "jsonschema.Draft202012Validator",
      "validator_version": "4.26.0"
    },
    {
      "errors": [],
      "instance_file": "formal-verification-status.json",
      "result": "PASS",
      "schema_file": "schemas/full-lean-portfolio.schema.json",
      "validator": "jsonschema.Draft202012Validator",
      "validator_version": "4.26.0"
    },
    {
      "errors": [],
      "instance_file": "PAPER_1_3_FULL_LEAN_STATUS.json",
      "result": "PASS",
      "schema_file": "schemas/paper-1-3-full-lean-status.schema.json",
      "validator": "jsonschema.Draft202012Validator",
      "validator_version": "4.26.0"
    },
    {
      "errors": [],
      "instance_file": "papers/HINC-001/STATUS.json",
      "result": "PASS",
      "schema_file": "schemas/paper-status.schema.json",
      "validator": "jsonschema.Draft202012Validator",
      "validator_version": "4.26.0"
    },
    {
      "errors": [],
      "instance_file": "papers/ABF-001/STATUS.json",
      "result": "PASS",
      "schema_file": "schemas/paper-status.schema.json",
      "validator": "jsonschema.Draft202012Validator",
      "validator_version": "4.26.0"
    },
    {
      "errors": [],
      "instance_file": "reports/publication-gates/HINC-001.json",
      "result": "PASS",
      "schema_file": "schemas/publication-gate.schema.json",
      "validator": "jsonschema.Draft202012Validator",
      "validator_version": "4.26.0"
    },
    {
      "errors": [],
      "instance_file": "reports/publication-gates/ABF-001.json",
      "result": "PASS",
      "schema_file": "schemas/publication-gate.schema.json",
      "validator": "jsonschema.Draft202012Validator",
      "validator_version": "4.26.0"
    }
  ],
  "result": "PASS",
  "schema": "n.human_ai_mathematics.json_schema_validation.v1",
  "validator_package": "jsonschema",
  "validator_version": "4.26.0"
}
stderr:


[04-json-schema-negative] PASS exit=0
description: Seven JSON Schema negative controls
working_directory: C:\tmp\nhaim-public-status-v4-exact-head-v2-worktree-019fb0f6-final
command:
  python -B tools/test_json_schema_negative_controls.py --root . --output 'C:\tmp\nhaim-public-status-v4-evidence-v2-output-019fb0f6-final\json-schema-negative-controls.json'
stdout:
{
  "failure_count": 0,
  "negative_control_count": 7,
  "negative_controls_passed": 7,
  "records": [
    {
      "actual_error_count": 2,
      "actual_errors": [
        "instance=/papers/0/state; schema=/properties/papers/items/allOf/0/then/properties/state/const; message='active_review' was expected",
        "instance=/papers/0/state; schema=/properties/papers/items/properties/state/enum; message='active_public_theorem' is not one of ['active_review', 'hold', 'archived_case_study', 'rejected', 'superseded', 'published']"
      ],
      "actual_result": "REJECTED",
      "control_id": "JSC_NEG_01",
      "expected_schema_path": "/properties/papers/items/properties/state/enum",
      "expected_schema_path_present": true,
      "expected_validation_error": "'active_public_theorem' is not one of",
      "expected_validation_error_present": true,
      "schema_file": "schemas/research-index.schema.json",
      "synthetic_instance": "invalid paper state enum"
    },
    {
      "actual_error_count": 1,
      "actual_errors": [
        "instance=/formal_verification; schema=/properties/formal_verification/required; message='claim_map_complete' is a required property"
      ],
      "actual_result": "REJECTED",
      "control_id": "JSC_NEG_02",
      "expected_schema_path": "/properties/formal_verification/required",
      "expected_schema_path_present": true,
      "expected_validation_error": "'claim_map_complete' is a required property",
      "expected_validation_error_present": true,
      "schema_file": "schemas/paper-status.schema.json",
      "synthetic_instance": "missing required formal field"
    },
    {
      "actual_error_count": 1,
      "actual_errors": [
        "instance=/formal_verification/full_manuscript_lean_verified; schema=/properties/formal_verification/properties/full_manuscript_lean_verified/type; message='false' is not of type 'boolean'"
      ],
      "actual_result": "REJECTED",
      "control_id": "JSC_NEG_03",
      "expected_schema_path": "/properties/formal_verification/properties/full_manuscript_lean_verified/type",
      "expected_schema_path_present": true,
      "expected_validation_error": "is not of type 'boolean'",
      "expected_validation_error_present": true,
      "schema_file": "schemas/paper-status.schema.json",
      "synthetic_instance": "wrong full-manuscript Lean type"
    },
    {
      "actual_error_count": 2,
      "actual_errors": [
        "instance=/status_controls/external_specialist_review; schema=/allOf/0/then/properties/status_controls/properties/external_specialist_review/const; message='pending' was expected",
        "instance=/status_controls/external_specialist_review; schema=/properties/status_controls/properties/external_specialist_review/enum; message='complete' is not one of ['pending']"
      ],
      "actual_result": "REJECTED",
      "control_id": "JSC_NEG_04",
      "expected_schema_path": "/properties/status_controls/properties/external_specialist_review/enum",
      "expected_schema_path_present": true,
      "expected_validation_error": "'complete' is not one of",
      "expected_validation_error_present": true,
      "schema_file": "schemas/paper-status.schema.json",
      "synthetic_instance": "unsupported external-review value"
    },
    {
      "actual_error_count": 2,
      "actual_errors": [
        "instance=/status_controls/historical_priority; schema=/allOf/0/then/properties/status_controls/properties/historical_priority/const; message='not_established' was expected",
        "instance=/status_controls/historical_priority; schema=/properties/status_controls/properties/historical_priority/enum; message='world_first' is not one of ['not_established']"
      ],
      "actual_result": "REJECTED",
      "control_id": "JSC_NEG_05",
      "expected_schema_path": "/properties/status_controls/properties/historical_priority/enum",
      "expected_schema_path_present": true,
      "expected_validation_error": "'world_first' is not one of",
      "expected_validation_error_present": true,
      "schema_file": "schemas/paper-status.schema.json",
      "synthetic_instance": "unsupported historical-priority value"
    },
    {
      "actual_error_count": 1,
      "actual_errors": [
        "instance=/status_controls/public_release_authorized; schema=/allOf/0/then/properties/status_controls/properties/public_release_authorized/const; message=True was expected"
      ],
      "actual_result": "REJECTED",
      "control_id": "JSC_NEG_06",
      "expected_schema_path": "/allOf/0/then/properties/status_controls/properties/public_release_authorized/const",
      "expected_schema_path_present": true,
      "expected_validation_error": "True was expected",
      "expected_validation_error_present": true,
      "schema_file": "schemas/paper-status.schema.json",
      "synthetic_instance": "HINC active state paired with public authorization false"
    },
    {
      "actual_error_count": 1,
      "actual_errors": [
        "instance=/papers/2/state; schema=/properties/papers/items/allOf/2/then/properties/state/const; message='hold' was expected"
      ],
      "actual_result": "REJECTED",
      "control_id": "JSC_NEG_07",
      "expected_schema_path": "/properties/papers/items/allOf/2/then/properties/state/const",
      "expected_schema_path_present": true,
      "expected_validation_error": "'hold' was expected",
      "expected_validation_error_present": true,
      "schema_file": "schemas/research-index.schema.json",
      "synthetic_instance": "FSG active state paired with mathematical blocker true"
    }
  ],
  "result": "PASS",
  "schema": "n.human_ai_mathematics.json_schema_negative_controls.v1",
  "validator_package": "jsonschema",
  "validator_version": "4.26.0"
}
stderr:


[05-status-consistency] PASS exit=0
description: Canonical status, per-file status blocks, semantic contradiction validation
working_directory: C:\tmp\nhaim-public-status-v4-exact-head-v2-worktree-019fb0f6-final
command:
  python -B tools/validate_status_consistency.py --root . --scan-all --output 'C:\tmp\nhaim-public-status-v4-evidence-v2-output-019fb0f6-final\status-consistency-validation.json'
stdout:
{
  "abf_active_status_present": "yes",
  "acm_hold_present": "yes",
  "canonical_state": {
    "ABF-001": {
      "a02_a06_status": "incomplete",
      "active_public_review_authorized": true,
      "bounded_formal_scope": "bounded_A01_Lean",
      "bounded_phrase": "bounded a01 lean",
      "claim_map_complete": false,
      "compiled_bounded_lane": "A01",
      "compiled_lane": "A01",
      "external_review": "pending",
      "external_specialist_review": "pending",
      "formal_state": "PARTIAL_PASS",
      "full_manuscript_lean_verified": false,
      "historical_priority": "not_established",
      "journal_status": "not_submitted",
      "limitations_confirmed": true,
      "matrix_public_state": "ACTIVE_PUBLIC_CANDIDATE_TECHNICAL_REVIEW",
      "peer_review": "not_submitted",
      "portfolio_public_state": "ACTIVE_PUBLIC_CANDIDATE_TECHNICAL_REVIEW",
      "public_release_authorized": true,
      "research_historical_priority": "unestablished",
      "research_state": "active_review",
      "status_formal_state": "PARTIAL_PASS_BOUNDED_A01_LEAN_VERIFICATION"
    },
    "ACM-001": {
      "controlling_manuscript_complete": false,
      "formal_state": "HOLD_PENDING_CONSOLIDATION",
      "full_manuscript_lean_verified": false,
      "matrix_public_state": "HOLD_PENDING_CONSOLIDATION",
      "portfolio_public_state": "HOLD_PENDING_CONSOLIDATION",
      "public_release_authorized": false,
      "research_state": "hold"
    },
    "FSG-001": {
      "formal_state": "HOLD_MATHEMATICAL_BLOCKER",
      "full_manuscript_lean_verified": false,
      "mathematical_blocker": true,
      "matrix_public_state": "PRIVATE_CANDIDATE_MATHEMATICAL_BLOCKER_HOLD",
      "portfolio_public_state": "PRIVATE_CANDIDATE_MATHEMATICAL_BLOCKER_HOLD",
      "private_candidate": true,
      "public_release_authorized": false,
      "public_theorem_package_released": false,
      "research_state": "hold"
    },
    "HINC-001": {
      "active_public_review_authorized": true,
      "bounded_formal_scope": "bounded_Lean",
      "bounded_phrase": "bounded lean",
      "claim_map_complete": false,
      "external_review": "pending",
      "external_specialist_review": "pending",
      "formal_state": "PARTIAL_PASS",
      "full_manuscript_lean_verified": false,
      "historical_priority": "not_established",
      "journal_status": "not_submitted",
      "limitations_confirmed": true,
      "matrix_public_state": "ACTIVE_PUBLIC_CANDIDATE_TECHNICAL_REVIEW",
      "peer_review": "not_submitted",
      "portfolio_public_state": "ACTIVE_PUBLIC_CANDIDATE_TECHNICAL_REVIEW",
      "public_release_authorized": true,
      "research_historical_priority": "unestablished",
      "research_state": "active_review",
      "status_formal_state": "PARTIAL_PASS_BOUNDED_LEAN_VERIFICATION"
    }
  },
  "conflicting_formal_states": 0,
  "conflicting_publication_states": 0,
  "credential_or_personal_path_findings": 0,
  "error_count": 0,
  "files": {
    "AGENTS.md": {
      "bytes": 10305,
      "sha256": "c532aa8267158ba33d1d65aef9202b59ddb94414d96837c410b776b61501c573"
    },
    "FSG_001_PUBLIC_TEACHING_HOLD_2026-07-29.md": {
      "bytes": 2748,
      "sha256": "9fd811af87d151b688668c5182f953ce0041fd34dcb1d2c39e3506c07d64c823"
    },
    "FULL_LEAN_RELEASE_STANDARD.md": {
      "bytes": 3999,
      "sha256": "3ddb442c892284b0b0692824cbce3c647fe17aebf821c7965100969908c97ec3"
    },
    "FULL_LEAN_VERIFICATION_PROGRAM.md": {
      "bytes": 4051,
      "sha256": "1d116614356c08d642d56f5f54a0e3fec831cac1ef710b77f22a9a4cc0533938"
    },
    "PAPER_1_3_FULL_LEAN_STATUS.json": {
      "bytes": 3694,
      "sha256": "ee4a6165a41302e5761776385ca81caf73049a22fe4f3b2b9277eb982f39dbb1"
    },
    "PUBLICATION_WORKFLOW.md": {
      "bytes": 9068,
      "sha256": "2518ddff119d5fc91e2b1860c9fe1322f8e25febea299f54284d438a3b0d3296"
    },
    "PUBLIC_REVIEW_FORMALIZATION_HOLD_2026-07-29.md": {
      "bytes": 3261,
      "sha256": "01994655a8d35e703ff8a1aa1a6271c968c1b3b69d7724527bcda344a6363a99"
    },
    "PUBLIC_REVIEW_RELEASE.md": {
      "bytes": 5703,
      "sha256": "ae6386c56cb594505d359cbe5d437cea587b15bac7eb7627d58a6ce7958ef193"
    },
    "README.md": {
      "bytes": 7978,
      "sha256": "3420e13cdb58416cf2614c7a65d0b91413988d675843af9b5a828972cd534293"
    },
    "RESEARCH_INDEX.md": {
      "bytes": 5412,
      "sha256": "820cd51fa5bc6dd2a24889ac465e343be5e5e495601dff5d943d136d67fcbd7f"
    },
    "START_HERE.md": {
      "bytes": 5506,
      "sha256": "90daec4ceedcefb282c1217745fec25acf650fc1242dd8a5e00d77c64190df9d"
    },
    "STATUS.md": {
      "bytes": 4019,
      "sha256": "634b49b8dba278ef2c524c4f1283558cca9cf5c2818ebde98f5020733e510945"
    },
    "docs/index.html": {
      "bytes": 10185,
      "sha256": "ca90a2c051ab670b3b8ea3c5b6945bfeb5fbe3e626d627f7cb5d89cd66a7cfde"
    },
    "docs/learn.html": {
      "bytes": 21775,
      "sha256": "458b3f2ab22f77ee07042791213d3040df87c64ab6a1c292933abc289bcf294e"
    },
    "formal-verification-status.json": {
      "bytes": 3672,
      "sha256": "232d7d6b65448578546bd299c01940a30e25ba2eb782479d66321594df241df3"
    },
    "papers/ABF-001/STATUS.json": {
      "bytes": 4719,
      "sha256": "d1b6583f6ad75b06411cce616a699404cda0ecf79af594286ca2451877272dd7"
    },
    "papers/HINC-001/STATUS.json": {
      "bytes": 6326,
      "sha256": "1b517f0f277492e234cc1355d5ea7458f386451337cf1bd14c525a9741e92815"
    },
    "reports/publication-gates/ABF-001.json": {
      "bytes": 4365,
      "sha256": "d026b9118f6009ffb5ca7429da2d3c78414561de62066bec1cae6ae8ab4abf6f"
    },
    "reports/publication-gates/HINC-001.json": {
      "bytes": 4215,
      "sha256": "53c1d91b466dc3cea70584a81d879a9476e626bd5d5c8313735ec264d554ef33"
    },
    "research-index.json": {
      "bytes": 5197,
      "sha256": "906e83bcfc1af5df5adf7072db89be7a9c9d5852dc11ab76f4503ac2a70a2369"
    }
  },
  "findings": [],
  "fsg_mathematical_hold_present": "yes",
  "full_lean_overclaim": 0,
  "hinc_active_status_present": "yes",
  "historical_priority_overclaim": 0,
  "peer_review_overclaim": 0,
  "per_file_state_mismatches": 0,
  "private_detector_literals": 0,
  "private_fsg_references_in_changed_files": 0,
  "result": "PASS",
  "scanned_text_file_count": 246,
  "schema": "n.human_ai_mathematics.status_consistency_validation.v3",
  "total_findings": 0,
  "validator_workflow_private_scan_exclusions": 0
}
stderr:


[06-status-and-private-mutations] PASS exit=0
description: Clean baseline validator, 14 status mutations, 8 private-reference mutations
working_directory: C:\tmp\nhaim-public-status-v4-exact-head-v2-worktree-019fb0f6-final
command:
  python -B tools/test_public_status_mutations.py --root . --output 'C:\tmp\nhaim-public-status-v4-evidence-v2-output-019fb0f6-final\public-status-mutation-tests.json' --log 'C:\tmp\nhaim-public-status-v4-evidence-v2-output-019fb0f6-final\public-status-mutation-tests.log'
stdout:
{
  "baseline": {
    "command": [
      "python",
      "tools/validate_status_consistency.py",
      "--root",
      "<baseline-repo>",
      "--scan-all"
    ],
    "detected_categories": [],
    "detected_finding": "no finding emitted",
    "detected_paths": [],
    "exit": 0,
    "result": "PASS",
    "stderr": "",
    "stdout": "{\n  \"abf_active_status_present\": \"yes\",\n  \"acm_hold_present\": \"yes\",\n  \"canonical_state\": {\n    \"ABF-001\": {\n      \"a02_a06_status\": \"incomplete\",\n      \"active_public_review_authorized\": true,\n      \"bounded_formal_scope\": \"bounded_A01_Lean\",\n      \"bounded_phrase\": \"bounded a01 lean\",\n      \"claim_map_complete\": false,\n      \"compiled_bounded_lane\": \"A01\",\n      \"compiled_lane\": \"A01\",\n      \"external_review\": \"pending\",\n      \"external_specialist_review\": \"pending\",\n      \"formal_state\": \"PARTIAL_PASS\",\n      \"full_manuscript_lean_verified\": false,\n      \"historical_priority\": \"not_established\",\n      \"journal_status\": \"not_submitted\",\n      \"limitations_confirmed\": true,\n      \"matrix_public_state\": \"ACTIVE_PUBLIC_CANDIDATE_TECHNICAL_REVIEW\",\n      \"peer_review\": \"not_submitted\",\n      \"portfolio_public_state\": \"ACTIVE_PUBLIC_CANDIDATE_TECHNICAL_REVIEW\",\n      \"public_release_authorized\": true,\n      \"research_historical_priority\": \"unestablished\",\n      \"research_state\": \"active_review\",\n      \"status_formal_state\": \"PARTIAL_PASS_BOUNDED_A01_LEAN_VERIFICATION\"\n    },\n    \"ACM-001\": {\n      \"controlling_manuscript_complete\": false,\n      \"formal_state\": \"HOLD_PENDING_CONSOLIDATION\",\n      \"full_manuscript_lean_verified\": false,\n      \"matrix_public_state\": \"HOLD_PENDING_CONSOLIDATION\",\n      \"portfolio_public_state\": \"HOLD_PENDING_CONSOLIDATION\",\n      \"public_release_authorized\": false,\n      \"research_state\": \"hold\"\n    },\n    \"FSG-001\": {\n      \"formal_state\": \"HOLD_MATHEMATICAL_BLOCKER\",\n      \"full_manuscript_lean_verified\": false,\n      \"mathematical_blocker\": true,\n      \"matrix_public_state\": \"PRIVATE_CANDIDATE_MATHEMATICAL_BLOCKER_HOLD\",\n      \"portfolio_public_state\": \"PRIVATE_CANDIDATE_MATHEMATICAL_BLOCKER_HOLD\",\n      \"private_candidate\": true,\n      \"public_release_authorized\": false,\n      \"public_theorem_package_released\": false,\n      \"research_state\": \"hold\"\n    },\n    \"HINC-001\": {\n      \"active_public_review_authorized\": true,\n      \"bounded_formal_scope\": \"bounded_Lean\",\n      \"bounded_phrase\": \"bounded lean\",\n      \"claim_map_complete\": false,\n      \"external_review\": \"pending\",\n      \"external_specialist_review\": \"pending\",\n      \"formal_state\": \"PARTIAL_PASS\",\n      \"full_manuscript_lean_verified\": false,\n      \"historical_priority\": \"not_established\",\n      \"journal_status\": \"not_submitted\",\n      \"limitations_confirmed\": true,\n      \"matrix_public_state\": \"ACTIVE_PUBLIC_CANDIDATE_TECHNICAL_REVIEW\",\n      \"peer_review\": \"not_submitted\",\n      \"portfolio_public_state\": \"ACTIVE_PUBLIC_CANDIDATE_TECHNICAL_REVIEW\",\n      \"public_release_authorized\": true,\n      \"research_historical_priority\": \"unestablished\",\n      \"research_state\": \"active_review\",\n      \"status_formal_state\": \"PARTIAL_PASS_BOUNDED_LEAN_VERIFICATION\"\n    }\n  },\n  \"conflicting_formal_states\": 0,\n  \"conflicting_publication_states\": 0,\n  \"credential_or_personal_path_findings\": 0,\n  \"error_count\": 0,\n  \"files\": {\n    \"AGENTS.md\": {\n      \"bytes\": 10305,\n      \"sha256\": \"c532aa8267158ba33d1d65aef9202b59ddb94414d96837c410b776b61501c573\"\n    },\n    \"FSG_001_PUBLIC_TEACHING_HOLD_2026-07-29.md\": {\n      \"bytes\": 2748,\n      \"sha256\": \"9fd811af87d151b688668c5182f953ce0041fd34dcb1d2c39e3506c07d64c823\"\n    },\n    \"FULL_LEAN_RELEASE_STANDARD.md\": {\n      \"bytes\": 3999,\n      \"sha256\": \"3ddb442c892284b0b0692824cbce3c647fe17aebf821c7965100969908c97ec3\"\n    },\n    \"FULL_LEAN_VERIFICATION_PROGRAM.md\": {\n      \"bytes\": 4051,\n      \"sha256\": \"1d116614356c08d642d56f5f54a0e3fec831cac1ef710b77f22a9a4cc0533938\"\n    },\n    \"PAPER_1_3_FULL_LEAN_STATUS.json\": {\n      \"bytes\": 3694,\n      \"sha256\": \"ee4a6165a41302e5761776385ca81caf73049a22fe4f3b2b9277eb982f39dbb1\"\n    },\n    \"PUBLICATION_WORKFLOW.md\": {\n      \"bytes\": 9068,\n      \"sha256\": \"2518ddff119d5fc91e2b1860c9fe1322f8e25febea299f54284d438a3b0d3296\"\n    },\n    \"PUBLIC_REVIEW_FORMALIZATION_HOLD_2026-07-29.md\": {\n      \"bytes\": 3261,\n      \"sha256\": \"01994655a8d35e703ff8a1aa1a6271c968c1b3b69d7724527bcda344a6363a99\"\n    },\n    \"PUBLIC_REVIEW_RELEASE.md\": {\n      \"bytes\": 5703,\n      \"sha256\": \"ae6386c56cb594505d359cbe5d437cea587b15bac7eb7627d58a6ce7958ef193\"\n    },\n    \"README.md\": {\n      \"bytes\": 7978,\n      \"sha256\": \"3420e13cdb58416cf2614c7a65d0b91413988d675843af9b5a828972cd534293\"\n    },\n    \"RESEARCH_INDEX.md\": {\n      \"bytes\": 5412,\n      \"sha256\": \"820cd51fa5bc6dd2a24889ac465e343be5e5e495601dff5d943d136d67fcbd7f\"\n    },\n    \"START_HERE.md\": {\n      \"bytes\": 5506,\n      \"sha256\": \"90daec4ceedcefb282c1217745fec25acf650fc1242dd8a5e00d77c64190df9d\"\n    },\n    \"STATUS.md\": {\n      \"bytes\": 4019,\n      \"sha256\": \"634b49b8dba278ef2c524c4f1283558cca9cf5c2818ebde98f5020733e510945\"\n    },\n    \"docs/index.html\": {\n      \"bytes\": 10185,\n      \"sha256\": \"ca90a2c051ab670b3b8ea3c5b6945bfeb5fbe3e626d627f7cb5d89cd66a7cfde\"\n    },\n    \"docs/learn.html\": {\n      \"bytes\": 21775,\n      \"sha256\": \"458b3f2ab22f77ee07042791213d3040df87c64ab6a1c292933abc289bcf294e\"\n    },\n    \"formal-verification-status.json\": {\n      \"bytes\": 3672,\n      \"sha256\": \"232d7d6b65448578546bd299c01940a30e25ba2eb782479d66321594df241df3\"\n    },\n    \"papers/ABF-001/STATUS.json\": {\n      \"bytes\": 4719,\n      \"sha256\": \"d1b6583f6ad75b06411cce616a699404cda0ecf79af594286ca2451877272dd7\"\n    },\n    \"papers/HINC-001/STATUS.json\": {\n      \"bytes\": 6326,\n      \"sha256\": \"1b517f0f277492e234cc1355d5ea7458f386451337cf1bd14c525a9741e92815\"\n    },\n    \"reports/publication-gates/ABF-001.json\": {\n      \"bytes\": 4365,\n      \"sha256\": \"d026b9118f6009ffb5ca7429da2d3c78414561de62066bec1cae6ae8ab4abf6f\"\n    },\n    \"reports/publication-gates/HINC-001.json\": {\n      \"bytes\": 4215,\n      \"sha256\": \"53c1d91b466dc3cea70584a81d879a9476e626bd5d5c8313735ec264d554ef33\"\n    },\n    \"research-index.json\": {\n      \"bytes\": 5197,\n      \"sha256\": \"906e83bcfc1af5df5adf7072db89be7a9c9d5852dc11ab76f4503ac2a70a2369\"\n    }\n  },\n  \"findings\": [],\n  \"fsg_mathematical_hold_present\": \"yes\",\n  \"full_lean_overclaim\": 0,\n  \"hinc_active_status_present\": \"yes\",\n  \"historical_priority_overclaim\": 0,\n  \"peer_review_overclaim\": 0,\n  \"per_file_state_mismatches\": 0,\n  \"private_detector_literals\": 0,\n  \"private_fsg_references_in_changed_files\": 0,\n  \"result\": \"PASS\",\n  \"scanned_text_file_count\": 246,\n  \"schema\": \"n.human_ai_mathematics.status_consistency_validation.v3\",\n  \"total_findings\": 0,\n  \"validator_workflow_private_scan_exclusions\": 0\n}\n"
  },
  "expected_category_checks_passed": 22,
  "expected_path_checks_passed": 22,
  "failed": 0,
  "mutation_count": 22,
  "passed": 22,
  "private_reference_mutation_count": 8,
  "private_reference_mutations_passed": 8,
  "records": [
    {
      "actual_exit": 1,
      "changed_file": "research-index.json",
      "command": [
        "python",
        "tools/validate_status_consistency.py",
        "--root",
        "<mutation-repo>",
        "--scan-all"
      ],
      "detected_categories": [
        "per_file_state_mismatch"
      ],
      "detected_finding": "per_file_state_mismatch: research-index.json: HINC-001 state mismatch",
      "detected_paths": [
        "research-index.json"
      ],
      "expected_category": "per_file_state_mismatch",
      "expected_category_present": true,
      "expected_nonzero_exit": true,
      "expected_path": "research-index.json",
      "expected_path_present": true,
      "group": "status",
      "id": "M01",
      "mutation": "Change HINC from active_review to hold.",
      "result": "PASS",
      "stderr": "",
      "stdout": "{\n  \"abf_active_status_present\": \"yes\",\n  \"acm_hold_present\": \"yes\",\n  \"canonical_state\": {\n    \"ABF-001\": {\n      \"a02_a06_status\": \"incomplete\",\n      \"active_public_review_authorized\": true,\n      \"bounded_formal_scope\": \"bounded_A01_Lean\",\n      \"bounded_phrase\": \"bounded a01 lean\",\n      \"claim_map_complete\": false,\n      \"compiled_bounded_lane\": \"A01\",\n      \"compiled_lane\": \"A01\",\n      \"external_review\": \"pending\",\n      \"external_specialist_review\": \"pending\",\n      \"formal_state\": \"PARTIAL_PASS\",\n      \"full_manuscript_lean_verified\": false,\n      \"historical_priority\": \"not_established\",\n      \"journal_status\": \"not_submitted\",\n      \"limitations_confirmed\": true,\n      \"matrix_public_state\": \"ACTIVE_PUBLIC_CANDIDATE_TECHNICAL_REVIEW\",\n      \"peer_review\": \"not_submitted\",\n      \"portfolio_public_state\": \"ACTIVE_PUBLIC_CANDIDATE_TECHNICAL_REVIEW\",\n      \"public_release_authorized\": true,\n      \"research_historical_priority\": \"unestablished\",\n      \"research_state\": \"active_review\",\n      \"status_formal_state\": \"PARTIAL_PASS_BOUNDED_A01_LEAN_VERIFICATION\"\n    },\n    \"ACM-001\": {\n      \"controlling_manuscript_complete\": false,\n      \"formal_state\": \"HOLD_PENDING_CONSOLIDATION\",\n      \"full_manuscript_lean_verified\": false,\n      \"matrix_public_state\": \"HOLD_PENDING_CONSOLIDATION\",\n      \"portfolio_public_state\": \"HOLD_PENDING_CONSOLIDATION\",\n      \"public_release_authorized\": false,\n      \"research_state\": \"hold\"\n    },\n    \"FSG-001\": {\n      \"formal_state\": \"HOLD_MATHEMATICAL_BLOCKER\",\n      \"full_manuscript_lean_verified\": false,\n      \"mathematical_blocker\": true,\n      \"matrix_public_state\": \"PRIVATE_CANDIDATE_MATHEMATICAL_BLOCKER_HOLD\",\n      \"portfolio_public_state\": \"PRIVATE_CANDIDATE_MATHEMATICAL_BLOCKER_HOLD\",\n      \"private_candidate\": true,\n      \"public_release_authorized\": false,\n      \"public_theorem_package_released\": false,\n      \"research_state\": \"hold\"\n    },\n    \"HINC-001\": {\n      \"active_public_review_authorized\": true,\n      \"bounded_formal_scope\": \"bounded_Lean\",\n      \"bounded_phrase\": \"bounded lean\",\n      \"claim_map_complete\": false,\n      \"external_review\": \"pending\",\n      \"external_specialist_review\": \"pending\",\n      \"formal_state\": \"PARTIAL_PASS\",\n      \"full_manuscript_lean_verified\": false,\n      \"historical_priority\": \"not_established\",\n      \"journal_status\": \"not_submitted\",\n      \"limitations_confirmed\": true,\n      \"matrix_public_state\": \"ACTIVE_PUBLIC_CANDIDATE_TECHNICAL_REVIEW\",\n      \"peer_review\": \"not_submitted\",\n      \"portfolio_public_state\": \"ACTIVE_PUBLIC_CANDIDATE_TECHNICAL_REVIEW\",\n      \"public_release_authorized\": true,\n      \"research_historical_priority\": \"unestablished\",\n      \"research_state\": \"active_review\",\n      \"status_formal_state\": \"PARTIAL_PASS_BOUNDED_LEAN_VERIFICATION\"\n    }\n  },\n  \"conflicting_formal_states\": 0,\n  \"conflicting_publication_states\": 1,\n  \"credential_or_personal_path_findings\": 0,\n  \"error_count\": 1,\n  \"files\": {\n    \"AGENTS.md\": {\n      \"bytes\": 10305,\n      \"sha256\": \"c532aa8267158ba33d1d65aef9202b59ddb94414d96837c410b776b61501c573\"\n    },\n    \"FSG_001_PUBLIC_TEACHING_HOLD_2026-07-29.md\": {\n      \"bytes\": 2748,\n      \"sha256\": \"9fd811af87d151b688668c5182f953ce0041fd34dcb1d2c39e3506c07d64c823\"\n    },\n    \"FULL_LEAN_RELEASE_STANDARD.md\": {\n      \"bytes\": 3999,\n      \"sha256\": \"3ddb442c892284b0b0692824cbce3c647fe17aebf821c7965100969908c97ec3\"\n    },\n    \"FULL_LEAN_VERIFICATION_PROGRAM.md\": {\n      \"bytes\": 4051,\n      \"sha256\": \"1d116614356c08d642d56f5f54a0e3fec831cac1ef710b77f22a9a4cc0533938\"\n    },\n    \"PAPER_1_3_FULL_LEAN_STATUS.json\": {\n      \"bytes\": 3694,\n      \"sha256\": \"ee4a6165a41302e5761776385ca81caf73049a22fe4f3b2b9277eb982f39dbb1\"\n    },\n    \"PUBLICATION_WORKFLOW.md\": {\n      \"bytes\": 9068,\n      \"sha256\": \"2518ddff119d5fc91e2b1860c9fe1322f8e25febea299f54284d438a3b0d3296\"\n    },\n    \"PUBLIC_REVIEW_FORMALIZATION_HOLD_2026-07-29.md\": {\n      \"bytes\": 3261,\n      \"sha256\": \"01994655a8d35e703ff8a1aa1a6271c968c1b3b69d7724527bcda344a6363a99\"\n    },\n    \"PUBLIC_REVIEW_RELEASE.md\": {\n      \"bytes\": 5703,\n      \"sha256\": \"ae6386c56cb594505d359cbe5d437cea587b15bac7eb7627d58a6ce7958ef193\"\n    },\n    \"README.md\": {\n      \"bytes\": 7978,\n      \"sha256\": \"3420e13cdb58416cf2614c7a65d0b91413988d675843af9b5a828972cd534293\"\n    },\n    \"RESEARCH_INDEX.md\": {\n      \"bytes\": 5412,\n      \"sha256\": \"820cd51fa5bc6dd2a24889ac465e343be5e5e495601dff5d943d136d67fcbd7f\"\n    },\n    \"START_HERE.md\": {\n      \"bytes\": 5506,\n      \"sha256\": \"90daec4ceedcefb282c1217745fec25acf650fc1242dd8a5e00d77c64190df9d\"\n    },\n    \"STATUS.md\": {\n      \"bytes\": 4019,\n      \"sha256\": \"634b49b8dba278ef2c524c4f1283558cca9cf5c2818ebde98f5020733e510945\"\n    },\n    \"docs/index.html\": {\n      \"bytes\": 10185,\n      \"sha256\": \"ca90a2c051ab670b3b8ea3c5b6945bfeb5fbe3e626d627f7cb5d89cd66a7cfde\"\n    },\n    \"docs/learn.html\": {\n      \"bytes\": 21775,\n      \"sha256\": \"458b3f2ab22f77ee07042791213d3040df87c64ab6a1c292933abc289bcf294e\"\n    },\n    \"formal-verification-status.json\": {\n      \"bytes\": 3672,\n      \"sha256\": \"232d7d6b65448578546bd299c01940a30e25ba2eb782479d66321594df241df3\"\n    },\n    \"papers/ABF-001/STATUS.json\": {\n      \"bytes\": 4719,\n      \"sha256\": \"d1b6583f6ad75b06411cce616a699404cda0ecf79af594286ca2451877272dd7\"\n    },\n    \"papers/HINC-001/STATUS.json\": {\n      \"bytes\": 6326,\n      \"sha256\": \"1b517f0f277492e234cc1355d5ea7458f386451337cf1bd14c525a9741e92815\"\n    },\n    \"reports/publication-gates/ABF-001.json\": {\n      \"bytes\": 4365,\n      \"sha256\": \"d026b9118f6009ffb5ca7429da2d3c78414561de62066bec1cae6ae8ab4abf6f\"\n    },\n    \"reports/publication-gates/HINC-001.json\": {\n      \"bytes\": 4215,\n      \"sha256\": \"53c1d91b466dc3cea70584a81d879a9476e626bd5d5c8313735ec264d554ef33\"\n    },\n    \"research-index.json\": {\n      \"bytes\": 5189,\n      \"sha256\": \"7d0ef3f570e58b0d47fb0c56bd8630fe710d0b711427f3b260469b43f916109c\"\n    }\n  },\n  \"findings\": [\n    {\n      \"category\": \"per_file_state_mismatch\",\n      \"level\": \"ERROR\",\n      \"message\": \"HINC-001 state mismatch\",\n      \"path\": \"research-index.json\"\n    }\n  ],\n  \"fsg_mathematical_hold_present\": \"yes\",\n  \"full_lean_overclaim\": 0,\n  \"hinc_active_status_present\": \"no\",\n  \"historical_priority_overclaim\": 0,\n  \"peer_review_overclaim\": 0,\n  \"per_file_state_mismatches\": 1,\n  \"private_detector_literals\": 0,\n  \"private_fsg_references_in_changed_files\": 0,\n  \"result\": \"FAIL\",\n  \"scanned_text_file_count\": 246,\n  \"schema\": \"n.human_ai_mathematics.status_consistency_validation.v3\",\n  \"total_findings\": 1,\n  \"validator_workflow_private_scan_exclusions\": 0\n}\n"
    },
    {
      "actual_exit": 1,
      "changed_file": "research-index.json",
      "command": [
        "python",
        "tools/validate_status_consistency.py",
        "--root",
        "<mutation-repo>",
        "--scan-all"
      ],
      "detected_categories": [
        "per_file_state_mismatch"
      ],
      "detected_finding": "per_file_state_mismatch: research-index.json: ABF-001 state mismatch",
      "detected_paths": [
        "research-index.json"
      ],
      "expected_category": "per_file_state_mismatch",
      "expected_category_present": true,
      "expected_nonzero_exit": true,
      "expected_path": "research-index.json",
      "expected_path_present": true,
      "group": "status",
      "id": "M02",
      "mutation": "Change ABF from active_review to hold.",
      "result": "PASS",
      "stderr": "",
      "stdout": "{\n  \"abf_active_status_present\": \"no\",\n  \"acm_hold_present\": \"yes\",\n  \"canonical_state\": {\n    \"ABF-001\": {\n      \"a02_a06_status\": \"incomplete\",\n      \"active_public_review_authorized\": true,\n      \"bounded_formal_scope\": \"bounded_A01_Lean\",\n      \"bounded_phrase\": \"bounded a01 lean\",\n      \"claim_map_complete\": false,\n      \"compiled_bounded_lane\": \"A01\",\n      \"compiled_lane\": \"A01\",\n      \"external_review\": \"pending\",\n      \"external_specialist_review\": \"pending\",\n      \"formal_state\": \"PARTIAL_PASS\",\n      \"full_manuscript_lean_verified\": false,\n      \"historical_priority\": \"not_established\",\n      \"journal_status\": \"not_submitted\",\n      \"limitations_confirmed\": true,\n      \"matrix_public_state\": \"ACTIVE_PUBLIC_CANDIDATE_TECHNICAL_REVIEW\",\n      \"peer_review\": \"not_submitted\",\n      \"portfolio_public_state\": \"ACTIVE_PUBLIC_CANDIDATE_TECHNICAL_REVIEW\",\n      \"public_release_authorized\": true,\n      \"research_historical_priority\": \"unestablished\",\n      \"research_state\": \"active_review\",\n      \"status_formal_state\": \"PARTIAL_PASS_BOUNDED_A01_LEAN_VERIFICATION\"\n    },\n    \"ACM-001\": {\n      \"controlling_manuscript_complete\": false,\n      \"formal_state\": \"HOLD_PENDING_CONSOLIDATION\",\n      \"full_manuscript_lean_verified\": false,\n      \"matrix_public_state\": \"HOLD_PENDING_CONSOLIDATION\",\n      \"portfolio_public_state\": \"HOLD_PENDING_CONSOLIDATION\",\n      \"public_release_authorized\": false,\n      \"research_state\": \"hold\"\n    },\n    \"FSG-001\": {\n      \"formal_state\": \"HOLD_MATHEMATICAL_BLOCKER\",\n      \"full_manuscript_lean_verified\": false,\n      \"mathematical_blocker\": true,\n      \"matrix_public_state\": \"PRIVATE_CANDIDATE_MATHEMATICAL_BLOCKER_HOLD\",\n      \"portfolio_public_state\": \"PRIVATE_CANDIDATE_MATHEMATICAL_BLOCKER_HOLD\",\n      \"private_candidate\": true,\n      \"public_release_authorized\": false,\n      \"public_theorem_package_released\": false,\n      \"research_state\": \"hold\"\n    },\n    \"HINC-001\": {\n      \"active_public_review_authorized\": true,\n      \"bounded_formal_scope\": \"bounded_Lean\",\n      \"bounded_phrase\": \"bounded lean\",\n      \"claim_map_complete\": false,\n      \"external_review\": \"pending\",\n      \"external_specialist_review\": \"pending\",\n      \"formal_state\": \"PARTIAL_PASS\",\n      \"full_manuscript_lean_verified\": false,\n      \"historical_priority\": \"not_established\",\n      \"journal_status\": \"not_submitted\",\n      \"limitations_confirmed\": true,\n      \"matrix_public_state\": \"ACTIVE_PUBLIC_CANDIDATE_TECHNICAL_REVIEW\",\n      \"peer_review\": \"not_submitted\",\n      \"portfolio_public_state\": \"ACTIVE_PUBLIC_CANDIDATE_TECHNICAL_REVIEW\",\n      \"public_release_authorized\": true,\n      \"research_historical_priority\": \"unestablished\",\n      \"research_state\": \"active_review\",\n      \"status_formal_state\": \"PARTIAL_PASS_BOUNDED_LEAN_VERIFICATION\"\n    }\n  },\n  \"conflicting_formal_states\": 0,\n  \"conflicting_publication_states\": 1,\n  \"credential_or_personal_path_findings\": 0,\n  \"error_count\": 1,\n  \"files\": {\n    \"AGENTS.md\": {\n      \"bytes\": 10305,\n      \"sha256\": \"c532aa8267158ba33d1d65aef9202b59ddb94414d96837c410b776b61501c573\"\n    },\n    \"FSG_001_PUBLIC_TEACHING_HOLD_2026-07-29.md\": {\n      \"bytes\": 2748,\n      \"sha256\": \"9fd811af87d151b688668c5182f953ce0041fd34dcb1d2c39e3506c07d64c823\"\n    },\n    \"FULL_LEAN_RELEASE_STANDARD.md\": {\n      \"bytes\": 3999,\n      \"sha256\": \"3ddb442c892284b0b0692824cbce3c647fe17aebf821c7965100969908c97ec3\"\n    },\n    \"FULL_LEAN_VERIFICATION_PROGRAM.md\": {\n      \"bytes\": 4051,\n      \"sha256\": \"1d116614356c08d642d56f5f54a0e3fec831cac1ef710b77f22a9a4cc0533938\"\n    },\n    \"PAPER_1_3_FULL_LEAN_STATUS.json\": {\n      \"bytes\": 3694,\n      \"sha256\": \"ee4a6165a41302e5761776385ca81caf73049a22fe4f3b2b9277eb982f39dbb1\"\n    },\n    \"PUBLICATION_WORKFLOW.md\": {\n      \"bytes\": 9068,\n      \"sha256\": \"2518ddff119d5fc91e2b1860c9fe1322f8e25febea299f54284d438a3b0d3296\"\n    },\n    \"PUBLIC_REVIEW_FORMALIZATION_HOLD_2026-07-29.md\": {\n      \"bytes\": 3261,\n      \"sha256\": \"01994655a8d35e703ff8a1aa1a6271c968c1b3b69d7724527bcda344a6363a99\"\n    },\n    \"PUBLIC_REVIEW_RELEASE.md\": {\n      \"bytes\": 5703,\n      \"sha256\": \"ae6386c56cb594505d359cbe5d437cea587b15bac7eb7627d58a6ce7958ef193\"\n    },\n    \"README.md\": {\n      \"bytes\": 7978,\n      \"sha256\": \"3420e13cdb58416cf2614c7a65d0b91413988d675843af9b5a828972cd534293\"\n    },\n    \"RESEARCH_INDEX.md\": {\n      \"bytes\": 5412,\n      \"sha256\": \"820cd51fa5bc6dd2a24889ac465e343be5e5e495601dff5d943d136d67fcbd7f\"\n    },\n    \"START_HERE.md\": {\n      \"bytes\": 5506,\n      \"sha256\": \"90daec4ceedcefb282c1217745fec25acf650fc1242dd8a5e00d77c64190df9d\"\n    },\n    \"STATUS.md\": {\n      \"bytes\": 4019,\n      \"sha256\": \"634b49b8dba278ef2c524c4f1283558cca9cf5c2818ebde98f5020733e510945\"\n    },\n    \"docs/index.html\": {\n      \"bytes\": 10185,\n      \"sha256\": \"ca90a2c051ab670b3b8ea3c5b6945bfeb5fbe3e626d627f7cb5d89cd66a7cfde\"\n    },\n    \"docs/learn.html\": {\n      \"bytes\": 21775,\n      \"sha256\": \"458b3f2ab22f77ee07042791213d3040df87c64ab6a1c292933abc289bcf294e\"\n    },\n    \"formal-verification-status.json\": {\n      \"bytes\": 3672,\n      \"sha256\": \"232d7d6b65448578546bd299c01940a30e25ba2eb782479d66321594df241df3\"\n    },\n    \"papers/ABF-001/STATUS.json\": {\n      \"bytes\": 4719,\n      \"sha256\": \"d1b6583f6ad75b06411cce616a699404cda0ecf79af594286ca2451877272dd7\"\n    },\n    \"papers/HINC-001/STATUS.json\": {\n      \"bytes\": 6326,\n      \"sha256\": \"1b517f0f277492e234cc1355d5ea7458f386451337cf1bd14c525a9741e92815\"\n    },\n    \"reports/publication-gates/ABF-001.json\": {\n      \"bytes\": 4365,\n      \"sha256\": \"d026b9118f6009ffb5ca7429da2d3c78414561de62066bec1cae6ae8ab4abf6f\"\n    },\n    \"reports/publication-gates/HINC-001.json\": {\n      \"bytes\": 4215,\n      \"sha256\": \"53c1d91b466dc3cea70584a81d879a9476e626bd5d5c8313735ec264d554ef33\"\n    },\n    \"research-index.json\": {\n      \"bytes\": 5189,\n      \"sha256\": \"42c762c8aabcba3a4b18d05a97000654cecb479f73621a93760d3b37d1d0c7c4\"\n    }\n  },\n  \"findings\": [\n    {\n      \"category\": \"per_file_state_mismatch\",\n      \"level\": \"ERROR\",\n      \"message\": \"ABF-001 state mismatch\",\n      \"path\": \"research-index.json\"\n    }\n  ],\n  \"fsg_mathematical_hold_present\": \"yes\",\n  \"full_lean_overclaim\": 0,\n  \"hinc_active_status_present\": \"yes\",\n  \"historical_priority_overclaim\": 0,\n  \"peer_review_overclaim\": 0,\n  \"per_file_state_mismatches\": 1,\n  \"private_detector_literals\": 0,\n  \"private_fsg_references_in_changed_files\": 0,\n  \"result\": \"FAIL\",\n  \"scanned_text_file_count\": 246,\n  \"schema\": \"n.human_ai_mathematics.status_consistency_validation.v3\",\n  \"total_findings\": 1,\n  \"validator_workflow_private_scan_exclusions\": 0\n}\n"
    },
    {
      "actual_exit": 1,
      "changed_file": "research-index.json",
      "command": [
        "python",
        "tools/validate_status_consistency.py",
        "--root",
        "<mutation-repo>",
        "--scan-all"
      ],
      "detected_categories": [
        "fsg_hold",
        "per_file_state_mismatch"
      ],
      "detected_finding": "per_file_state_mismatch: research-index.json: FSG-001 state mismatch",
      "detected_paths": [
        "research-index.json"
      ],
      "expected_category": "per_file_state_mismatch",
      "expected_category_present": true,
      "expected_nonzero_exit": true,
      "expected_path": "research-index.json",
      "expected_path_present": true,
      "group": "status",
      "id": "M03",
      "mutation": "Change FSG from hold to active_review.",
      "result": "PASS",
      "stderr": "",
      "stdout": "{\n  \"abf_active_status_present\": \"yes\",\n  \"acm_hold_present\": \"yes\",\n  \"canonical_state\": {\n    \"ABF-001\": {\n      \"a02_a06_status\": \"incomplete\",\n      \"active_public_review_authorized\": true,\n      \"bounded_formal_scope\": \"bounded_A01_Lean\",\n      \"bounded_phrase\": \"bounded a01 lean\",\n      \"claim_map_complete\": false,\n      \"compiled_bounded_lane\": \"A01\",\n      \"compiled_lane\": \"A01\",\n      \"external_review\": \"pending\",\n      \"external_specialist_review\": \"pending\",\n      \"formal_state\": \"PARTIAL_PASS\",\n      \"full_manuscript_lean_verified\": false,\n      \"historical_priority\": \"not_established\",\n      \"journal_status\": \"not_submitted\",\n      \"limitations_confirmed\": true,\n      \"matrix_public_state\": \"ACTIVE_PUBLIC_CANDIDATE_TECHNICAL_REVIEW\",\n      \"peer_review\": \"not_submitted\",\n      \"portfolio_public_state\": \"ACTIVE_PUBLIC_CANDIDATE_TECHNICAL_REVIEW\",\n      \"public_release_authorized\": true,\n      \"research_historical_priority\": \"unestablished\",\n      \"research_state\": \"active_review\",\n      \"status_formal_state\": \"PARTIAL_PASS_BOUNDED_A01_LEAN_VERIFICATION\"\n    },\n    \"ACM-001\": {\n      \"controlling_manuscript_complete\": false,\n      \"formal_state\": \"HOLD_PENDING_CONSOLIDATION\",\n      \"full_manuscript_lean_verified\": false,\n      \"matrix_public_state\": \"HOLD_PENDING_CONSOLIDATION\",\n      \"portfolio_public_state\": \"HOLD_PENDING_CONSOLIDATION\",\n      \"public_release_authorized\": false,\n      \"research_state\": \"hold\"\n    },\n    \"FSG-001\": {\n      \"formal_state\": \"HOLD_MATHEMATICAL_BLOCKER\",\n      \"full_manuscript_lean_verified\": false,\n      \"mathematical_blocker\": true,\n      \"matrix_public_state\": \"PRIVATE_CANDIDATE_MATHEMATICAL_BLOCKER_HOLD\",\n      \"portfolio_public_state\": \"PRIVATE_CANDIDATE_MATHEMATICAL_BLOCKER_HOLD\",\n      \"private_candidate\": true,\n      \"public_release_authorized\": false,\n      \"public_theorem_package_released\": false,\n      \"research_state\": \"hold\"\n    },\n    \"HINC-001\": {\n      \"active_public_review_authorized\": true,\n      \"bounded_formal_scope\": \"bounded_Lean\",\n      \"bounded_phrase\": \"bounded lean\",\n      \"claim_map_complete\": false,\n      \"external_review\": \"pending\",\n      \"external_specialist_review\": \"pending\",\n      \"formal_state\": \"PARTIAL_PASS\",\n      \"full_manuscript_lean_verified\": false,\n      \"historical_priority\": \"not_established\",\n      \"journal_status\": \"not_submitted\",\n      \"limitations_confirmed\": true,\n      \"matrix_public_state\": \"ACTIVE_PUBLIC_CANDIDATE_TECHNICAL_REVIEW\",\n      \"peer_review\": \"not_submitted\",\n      \"portfolio_public_state\": \"ACTIVE_PUBLIC_CANDIDATE_TECHNICAL_REVIEW\",\n      \"public_release_authorized\": true,\n      \"research_historical_priority\": \"unestablished\",\n      \"research_state\": \"active_review\",\n      \"status_formal_state\": \"PARTIAL_PASS_BOUNDED_LEAN_VERIFICATION\"\n    }\n  },\n  \"conflicting_formal_states\": 0,\n  \"conflicting_publication_states\": 2,\n  \"credential_or_personal_path_findings\": 0,\n  \"error_count\": 2,\n  \"files\": {\n    \"AGENTS.md\": {\n      \"bytes\": 10305,\n      \"sha256\": \"c532aa8267158ba33d1d65aef9202b59ddb94414d96837c410b776b61501c573\"\n    },\n    \"FSG_001_PUBLIC_TEACHING_HOLD_2026-07-29.md\": {\n      \"bytes\": 2748,\n      \"sha256\": \"9fd811af87d151b688668c5182f953ce0041fd34dcb1d2c39e3506c07d64c823\"\n    },\n    \"FULL_LEAN_RELEASE_STANDARD.md\": {\n      \"bytes\": 3999,\n      \"sha256\": \"3ddb442c892284b0b0692824cbce3c647fe17aebf821c7965100969908c97ec3\"\n    },\n    \"FULL_LEAN_VERIFICATION_PROGRAM.md\": {\n      \"bytes\": 4051,\n      \"sha256\": \"1d116614356c08d642d56f5f54a0e3fec831cac1ef710b77f22a9a4cc0533938\"\n    },\n    \"PAPER_1_3_FULL_LEAN_STATUS.json\": {\n      \"bytes\": 3694,\n      \"sha256\": \"ee4a6165a41302e5761776385ca81caf73049a22fe4f3b2b9277eb982f39dbb1\"\n    },\n    \"PUBLICATION_WORKFLOW.md\": {\n      \"bytes\": 9068,\n      \"sha256\": \"2518ddff119d5fc91e2b1860c9fe1322f8e25febea299f54284d438a3b0d3296\"\n    },\n    \"PUBLIC_REVIEW_FORMALIZATION_HOLD_2026-07-29.md\": {\n      \"bytes\": 3261,\n      \"sha256\": \"01994655a8d35e703ff8a1aa1a6271c968c1b3b69d7724527bcda344a6363a99\"\n    },\n    \"PUBLIC_REVIEW_RELEASE.md\": {\n      \"bytes\": 5703,\n      \"sha256\": \"ae6386c56cb594505d359cbe5d437cea587b15bac7eb7627d58a6ce7958ef193\"\n    },\n    \"README.md\": {\n      \"bytes\": 7978,\n      \"sha256\": \"3420e13cdb58416cf2614c7a65d0b91413988d675843af9b5a828972cd534293\"\n    },\n    \"RESEARCH_INDEX.md\": {\n      \"bytes\": 5412,\n      \"sha256\": \"820cd51fa5bc6dd2a24889ac465e343be5e5e495601dff5d943d136d67fcbd7f\"\n    },\n    \"START_HERE.md\": {\n      \"bytes\": 5506,\n      \"sha256\": \"90daec4ceedcefb282c1217745fec25acf650fc1242dd8a5e00d77c64190df9d\"\n    },\n    \"STATUS.md\": {\n      \"bytes\": 4019,\n      \"sha256\": \"634b49b8dba278ef2c524c4f1283558cca9cf5c2818ebde98f5020733e510945\"\n    },\n    \"docs/index.html\": {\n      \"bytes\": 10185,\n      \"sha256\": \"ca90a2c051ab670b3b8ea3c5b6945bfeb5fbe3e626d627f7cb5d89cd66a7cfde\"\n    },\n    \"docs/learn.html\": {\n      \"bytes\": 21775,\n      \"sha256\": \"458b3f2ab22f77ee07042791213d3040df87c64ab6a1c292933abc289bcf294e\"\n    },\n    \"formal-verification-status.json\": {\n      \"bytes\": 3672,\n      \"sha256\": \"232d7d6b65448578546bd299c01940a30e25ba2eb782479d66321594df241df3\"\n    },\n    \"papers/ABF-001/STATUS.json\": {\n      \"bytes\": 4719,\n      \"sha256\": \"d1b6583f6ad75b06411cce616a699404cda0ecf79af594286ca2451877272dd7\"\n    },\n    \"papers/HINC-001/STATUS.json\": {\n      \"bytes\": 6326,\n      \"sha256\": \"1b517f0f277492e234cc1355d5ea7458f386451337cf1bd14c525a9741e92815\"\n    },\n    \"reports/publication-gates/ABF-001.json\": {\n      \"bytes\": 4365,\n      \"sha256\": \"d026b9118f6009ffb5ca7429da2d3c78414561de62066bec1cae6ae8ab4abf6f\"\n    },\n    \"reports/publication-gates/HINC-001.json\": {\n      \"bytes\": 4215,\n      \"sha256\": \"53c1d91b466dc3cea70584a81d879a9476e626bd5d5c8313735ec264d554ef33\"\n    },\n    \"research-index.json\": {\n      \"bytes\": 5207,\n      \"sha256\": \"e7c8b54da3c89fdcdaf48cff74e8ef419ff6444a943d333a974a8528e4e58215\"\n    }\n  },\n  \"findings\": [\n    {\n      \"category\": \"per_file_state_mismatch\",\n      \"level\": \"ERROR\",\n      \"message\": \"FSG-001 state mismatch\",\n      \"path\": \"research-index.json\"\n    },\n    {\n      \"category\": \"fsg_hold\",\n      \"level\": \"ERROR\",\n      \"message\": \"FSG public state must remain hold\",\n      \"path\": \"research-index.json\"\n    }\n  ],\n  \"fsg_mathematical_hold_present\": \"no\",\n  \"full_lean_overclaim\": 0,\n  \"hinc_active_status_present\": \"yes\",\n  \"historical_priority_overclaim\": 0,\n  \"peer_review_overclaim\": 0,\n  \"per_file_state_mismatches\": 1,\n  \"private_detector_literals\": 0,\n  \"private_fsg_references_in_changed_files\": 0,\n  \"result\": \"FAIL\",\n  \"scanned_text_file_count\": 246,\n  \"schema\": \"n.human_ai_mathematics.status_consistency_validation.v3\",\n  \"total_findings\": 2,\n  \"validator_workflow_private_scan_exclusions\": 0\n}\n"
    },
    {
      "actual_exit": 1,
      "changed_file": "FSG_001_PUBLIC_TEACHING_HOLD_2026-07-29.md",
      "command": [
        "python",
        "tools/validate_status_consistency.py",
        "--root",
        "<mutation-repo>",
        "--scan-all"
      ],
      "detected_categories": [
        "fsg_blocker_contradiction"
      ],
      "detected_finding": "fsg_blocker_contradiction: FSG_001_PUBLIC_TEACHING_HOLD_2026-07-29.md: forbidden current-status wording: zero blocking findings",
      "detected_paths": [
        "FSG_001_PUBLIC_TEACHING_HOLD_2026-07-29.md"
      ],
      "expected_category": "fsg_blocker_contradiction",
      "expected_category_present": true,
      "expected_nonzero_exit": true,
      "expected_path": "FSG_001_PUBLIC_TEACHING_HOLD_2026-07-29.md",
      "expected_path_present": true,
      "group": "status",
      "id": "M04",
      "mutation": "Add current FSG wording equivalent to zero blocking findings.",
      "result": "PASS",
      "stderr": "",
      "stdout": "{\n  \"abf_active_status_present\": \"yes\",\n  \"acm_hold_present\": \"yes\",\n  \"canonical_state\": {\n    \"ABF-001\": {\n      \"a02_a06_status\": \"incomplete\",\n      \"active_public_review_authorized\": true,\n      \"bounded_formal_scope\": \"bounded_A01_Lean\",\n      \"bounded_phrase\": \"bounded a01 lean\",\n      \"claim_map_complete\": false,\n      \"compiled_bounded_lane\": \"A01\",\n      \"compiled_lane\": \"A01\",\n      \"external_review\": \"pending\",\n      \"external_specialist_review\": \"pending\",\n      \"formal_state\": \"PARTIAL_PASS\",\n      \"full_manuscript_lean_verified\": false,\n      \"historical_priority\": \"not_established\",\n      \"journal_status\": \"not_submitted\",\n      \"limitations_confirmed\": true,\n      \"matrix_public_state\": \"ACTIVE_PUBLIC_CANDIDATE_TECHNICAL_REVIEW\",\n      \"peer_review\": \"not_submitted\",\n      \"portfolio_public_state\": \"ACTIVE_PUBLIC_CANDIDATE_TECHNICAL_REVIEW\",\n      \"public_release_authorized\": true,\n      \"research_historical_priority\": \"unestablished\",\n      \"research_state\": \"active_review\",\n      \"status_formal_state\": \"PARTIAL_PASS_BOUNDED_A01_LEAN_VERIFICATION\"\n    },\n    \"ACM-001\": {\n      \"controlling_manuscript_complete\": false,\n      \"formal_state\": \"HOLD_PENDING_CONSOLIDATION\",\n      \"full_manuscript_lean_verified\": false,\n      \"matrix_public_state\": \"HOLD_PENDING_CONSOLIDATION\",\n      \"portfolio_public_state\": \"HOLD_PENDING_CONSOLIDATION\",\n      \"public_release_authorized\": false,\n      \"research_state\": \"hold\"\n    },\n    \"FSG-001\": {\n      \"formal_state\": \"HOLD_MATHEMATICAL_BLOCKER\",\n      \"full_manuscript_lean_verified\": false,\n      \"mathematical_blocker\": true,\n      \"matrix_public_state\": \"PRIVATE_CANDIDATE_MATHEMATICAL_BLOCKER_HOLD\",\n      \"portfolio_public_state\": \"PRIVATE_CANDIDATE_MATHEMATICAL_BLOCKER_HOLD\",\n      \"private_candidate\": true,\n      \"public_release_authorized\": false,\n      \"public_theorem_package_released\": false,\n      \"research_state\": \"hold\"\n    },\n    \"HINC-001\": {\n      \"active_public_review_authorized\": true,\n      \"bounded_formal_scope\": \"bounded_Lean\",\n      \"bounded_phrase\": \"bounded lean\",\n      \"claim_map_complete\": false,\n      \"external_review\": \"pending\",\n      \"external_specialist_review\": \"pending\",\n      \"formal_state\": \"PARTIAL_PASS\",\n      \"full_manuscript_lean_verified\": false,\n      \"historical_priority\": \"not_established\",\n      \"journal_status\": \"not_submitted\",\n      \"limitations_confirmed\": true,\n      \"matrix_public_state\": \"ACTIVE_PUBLIC_CANDIDATE_TECHNICAL_REVIEW\",\n      \"peer_review\": \"not_submitted\",\n      \"portfolio_public_state\": \"ACTIVE_PUBLIC_CANDIDATE_TECHNICAL_REVIEW\",\n      \"public_release_authorized\": true,\n      \"research_historical_priority\": \"unestablished\",\n      \"research_state\": \"active_review\",\n      \"status_formal_state\": \"PARTIAL_PASS_BOUNDED_LEAN_VERIFICATION\"\n    }\n  },\n  \"conflicting_formal_states\": 0,\n  \"conflicting_publication_states\": 0,\n  \"credential_or_personal_path_findings\": 0,\n  \"error_count\": 2,\n  \"files\": {\n    \"AGENTS.md\": {\n      \"bytes\": 10305,\n      \"sha256\": \"c532aa8267158ba33d1d65aef9202b59ddb94414d96837c410b776b61501c573\"\n    },\n    \"FSG_001_PUBLIC_TEACHING_HOLD_2026-07-29.md\": {\n      \"bytes\": 2797,\n      \"sha256\": \"03b5e31d989be8555dd675517fa5b5861857e14e11c080f138ace4f70971e529\"\n    },\n    \"FULL_LEAN_RELEASE_STANDARD.md\": {\n      \"bytes\": 3999,\n      \"sha256\": \"3ddb442c892284b0b0692824cbce3c647fe17aebf821c7965100969908c97ec3\"\n    },\n    \"FULL_LEAN_VERIFICATION_PROGRAM.md\": {\n      \"bytes\": 4051,\n      \"sha256\": \"1d116614356c08d642d56f5f54a0e3fec831cac1ef710b77f22a9a4cc0533938\"\n    },\n    \"PAPER_1_3_FULL_LEAN_STATUS.json\": {\n      \"bytes\": 3694,\n      \"sha256\": \"ee4a6165a41302e5761776385ca81caf73049a22fe4f3b2b9277eb982f39dbb1\"\n    },\n    \"PUBLICATION_WORKFLOW.md\": {\n      \"bytes\": 9068,\n      \"sha256\": \"2518ddff119d5fc91e2b1860c9fe1322f8e25febea299f54284d438a3b0d3296\"\n    },\n    \"PUBLIC_REVIEW_FORMALIZATION_HOLD_2026-07-29.md\": {\n      \"bytes\": 3261,\n      \"sha256\": \"01994655a8d35e703ff8a1aa1a6271c968c1b3b69d7724527bcda344a6363a99\"\n    },\n    \"PUBLIC_REVIEW_RELEASE.md\": {\n      \"bytes\": 5703,\n      \"sha256\": \"ae6386c56cb594505d359cbe5d437cea587b15bac7eb7627d58a6ce7958ef193\"\n    },\n    \"README.md\": {\n      \"bytes\": 7978,\n      \"sha256\": \"3420e13cdb58416cf2614c7a65d0b91413988d675843af9b5a828972cd534293\"\n    },\n    \"RESEARCH_INDEX.md\": {\n      \"bytes\": 5412,\n      \"sha256\": \"820cd51fa5bc6dd2a24889ac465e343be5e5e495601dff5d943d136d67fcbd7f\"\n    },\n    \"START_HERE.md\": {\n      \"bytes\": 5506,\n      \"sha256\": \"90daec4ceedcefb282c1217745fec25acf650fc1242dd8a5e00d77c64190df9d\"\n    },\n    \"STATUS.md\": {\n      \"bytes\": 4019,\n      \"sha256\": \"634b49b8dba278ef2c524c4f1283558cca9cf5c2818ebde98f5020733e510945\"\n    },\n    \"docs/index.html\": {\n      \"bytes\": 10185,\n      \"sha256\": \"ca90a2c051ab670b3b8ea3c5b6945bfeb5fbe3e626d627f7cb5d89cd66a7cfde\"\n    },\n    \"docs/learn.html\": {\n      \"bytes\": 21775,\n      \"sha256\": \"458b3f2ab22f77ee07042791213d3040df87c64ab6a1c292933abc289bcf294e\"\n    },\n    \"formal-verification-status.json\": {\n      \"bytes\": 3672,\n      \"sha256\": \"232d7d6b65448578546bd299c01940a30e25ba2eb782479d66321594df241df3\"\n    },\n    \"papers/ABF-001/STATUS.json\": {\n      \"bytes\": 4719,\n      \"sha256\": \"d1b6583f6ad75b06411cce616a699404cda0ecf79af594286ca2451877272dd7\"\n    },\n    \"papers/HINC-001/STATUS.json\": {\n      \"bytes\": 6326,\n      \"sha256\": \"1b517f0f277492e234cc1355d5ea7458f386451337cf1bd14c525a9741e92815\"\n    },\n    \"reports/publication-gates/ABF-001.json\": {\n      \"bytes\": 4365,\n      \"sha256\": \"d026b9118f6009ffb5ca7429da2d3c78414561de62066bec1cae6ae8ab4abf6f\"\n    },\n    \"reports/publication-gates/HINC-001.json\": {\n      \"bytes\": 4215,\n      \"sha256\": \"53c1d91b466dc3cea70584a81d879a9476e626bd5d5c8313735ec264d554ef33\"\n    },\n    \"research-index.json\": {\n      \"bytes\": 5197,\n      \"sha256\": \"906e83bcfc1af5df5adf7072db89be7a9c9d5852dc11ab76f4503ac2a70a2369\"\n    }\n  },\n  \"findings\": [\n    {\n      \"category\": \"fsg_blocker_contradiction\",\n      \"level\": \"ERROR\",\n      \"message\": \"forbidden current-status wording: zero blocking findings\",\n      \"path\": \"FSG_001_PUBLIC_TEACHING_HOLD_2026-07-29.md\"\n    },\n    {\n      \"category\": \"fsg_blocker_contradiction\",\n      \"level\": \"ERROR\",\n      \"message\": \"FSG zero-blocker contradiction\",\n      \"path\": \"FSG_001_PUBLIC_TEACHING_HOLD_2026-07-29.md\"\n    }\n  ],\n  \"fsg_mathematical_hold_present\": \"yes\",\n  \"full_lean_overclaim\": 0,\n  \"hinc_active_status_present\": \"yes\",\n  \"historical_priority_overclaim\": 0,\n  \"peer_review_overclaim\": 0,\n  \"per_file_state_mismatches\": 0,\n  \"private_detector_literals\": 0,\n  \"private_fsg_references_in_changed_files\": 0,\n  \"result\": \"FAIL\",\n  \"scanned_text_file_count\": 246,\n  \"schema\": \"n.human_ai_mathematics.status_consistency_validation.v3\",\n  \"total_findings\": 2,\n  \"validator_workflow_private_scan_exclusions\": 0\n}\n"
    },
    {
      "actual_exit": 1,
      "changed_file": "docs/learn.html",
      "command": [
        "python",
        "tools/validate_status_consistency.py",
        "--root",
        "<mutation-repo>",
        "--scan-all"
      ],
      "detected_categories": [
        "private_reference"
      ],
      "detected_finding": "private_reference: docs/learn.html:83: synthetic or nonpublic repository token",
      "detected_paths": [
        "docs/learn.html:83"
      ],
      "expected_category": "private_reference",
      "expected_category_present": true,
      "expected_nonzero_exit": true,
      "expected_path": "docs/learn.html",
      "expected_path_present": true,
      "group": "status",
      "id": "M05",
      "mutation": "Add a synthetic nonpublic repository or private-style link to a public FSG surface.",
      "result": "PASS",
      "stderr": "",
      "stdout": "{\n  \"abf_active_status_present\": \"yes\",\n  \"acm_hold_present\": \"yes\",\n  \"canonical_state\": {\n    \"ABF-001\": {\n      \"a02_a06_status\": \"incomplete\",\n      \"active_public_review_authorized\": true,\n      \"bounded_formal_scope\": \"bounded_A01_Lean\",\n      \"bounded_phrase\": \"bounded a01 lean\",\n      \"claim_map_complete\": false,\n      \"compiled_bounded_lane\": \"A01\",\n      \"compiled_lane\": \"A01\",\n      \"external_review\": \"pending\",\n      \"external_specialist_review\": \"pending\",\n      \"formal_state\": \"PARTIAL_PASS\",\n      \"full_manuscript_lean_verified\": false,\n      \"historical_priority\": \"not_established\",\n      \"journal_status\": \"not_submitted\",\n      \"limitations_confirmed\": true,\n      \"matrix_public_state\": \"ACTIVE_PUBLIC_CANDIDATE_TECHNICAL_REVIEW\",\n      \"peer_review\": \"not_submitted\",\n      \"portfolio_public_state\": \"ACTIVE_PUBLIC_CANDIDATE_TECHNICAL_REVIEW\",\n      \"public_release_authorized\": true,\n      \"research_historical_priority\": \"unestablished\",\n      \"research_state\": \"active_review\",\n      \"status_formal_state\": \"PARTIAL_PASS_BOUNDED_A01_LEAN_VERIFICATION\"\n    },\n    \"ACM-001\": {\n      \"controlling_manuscript_complete\": false,\n      \"formal_state\": \"HOLD_PENDING_CONSOLIDATION\",\n      \"full_manuscript_lean_verified\": false,\n      \"matrix_public_state\": \"HOLD_PENDING_CONSOLIDATION\",\n      \"portfolio_public_state\": \"HOLD_PENDING_CONSOLIDATION\",\n      \"public_release_authorized\": false,\n      \"research_state\": \"hold\"\n    },\n    \"FSG-001\": {\n      \"formal_state\": \"HOLD_MATHEMATICAL_BLOCKER\",\n      \"full_manuscript_lean_verified\": false,\n      \"mathematical_blocker\": true,\n      \"matrix_public_state\": \"PRIVATE_CANDIDATE_MATHEMATICAL_BLOCKER_HOLD\",\n      \"portfolio_public_state\": \"PRIVATE_CANDIDATE_MATHEMATICAL_BLOCKER_HOLD\",\n      \"private_candidate\": true,\n      \"public_release_authorized\": false,\n      \"public_theorem_package_released\": false,\n      \"research_state\": \"hold\"\n    },\n    \"HINC-001\": {\n      \"active_public_review_authorized\": true,\n      \"bounded_formal_scope\": \"bounded_Lean\",\n      \"bounded_phrase\": \"bounded lean\",\n      \"claim_map_complete\": false,\n      \"external_review\": \"pending\",\n      \"external_specialist_review\": \"pending\",\n      \"formal_state\": \"PARTIAL_PASS\",\n      \"full_manuscript_lean_verified\": false,\n      \"historical_priority\": \"not_established\",\n      \"journal_status\": \"not_submitted\",\n      \"limitations_confirmed\": true,\n      \"matrix_public_state\": \"ACTIVE_PUBLIC_CANDIDATE_TECHNICAL_REVIEW\",\n      \"peer_review\": \"not_submitted\",\n      \"portfolio_public_state\": \"ACTIVE_PUBLIC_CANDIDATE_TECHNICAL_REVIEW\",\n      \"public_release_authorized\": true,\n      \"research_historical_priority\": \"unestablished\",\n      \"research_state\": \"active_review\",\n      \"status_formal_state\": \"PARTIAL_PASS_BOUNDED_LEAN_VERIFICATION\"\n    }\n  },\n  \"conflicting_formal_states\": 0,\n  \"conflicting_publication_states\": 0,\n  \"credential_or_personal_path_findings\": 0,\n  \"error_count\": 3,\n  \"files\": {\n    \"AGENTS.md\": {\n      \"bytes\": 10305,\n      \"sha256\": \"c532aa8267158ba33d1d65aef9202b59ddb94414d96837c410b776b61501c573\"\n    },\n    \"FSG_001_PUBLIC_TEACHING_HOLD_2026-07-29.md\": {\n      \"bytes\": 2748,\n      \"sha256\": \"9fd811af87d151b688668c5182f953ce0041fd34dcb1d2c39e3506c07d64c823\"\n    },\n    \"FULL_LEAN_RELEASE_STANDARD.md\": {\n      \"bytes\": 3999,\n      \"sha256\": \"3ddb442c892284b0b0692824cbce3c647fe17aebf821c7965100969908c97ec3\"\n    },\n    \"FULL_LEAN_VERIFICATION_PROGRAM.md\": {\n      \"bytes\": 4051,\n      \"sha256\": \"1d116614356c08d642d56f5f54a0e3fec831cac1ef710b77f22a9a4cc0533938\"\n    },\n    \"PAPER_1_3_FULL_LEAN_STATUS.json\": {\n      \"bytes\": 3694,\n      \"sha256\": \"ee4a6165a41302e5761776385ca81caf73049a22fe4f3b2b9277eb982f39dbb1\"\n    },\n    \"PUBLICATION_WORKFLOW.md\": {\n      \"bytes\": 9068,\n      \"sha256\": \"2518ddff119d5fc91e2b1860c9fe1322f8e25febea299f54284d438a3b0d3296\"\n    },\n    \"PUBLIC_REVIEW_FORMALIZATION_HOLD_2026-07-29.md\": {\n      \"bytes\": 3261,\n      \"sha256\": \"01994655a8d35e703ff8a1aa1a6271c968c1b3b69d7724527bcda344a6363a99\"\n    },\n    \"PUBLIC_REVIEW_RELEASE.md\": {\n      \"bytes\": 5703,\n      \"sha256\": \"ae6386c56cb594505d359cbe5d437cea587b15bac7eb7627d58a6ce7958ef193\"\n    },\n    \"README.md\": {\n      \"bytes\": 7978,\n      \"sha256\": \"3420e13cdb58416cf2614c7a65d0b91413988d675843af9b5a828972cd534293\"\n    },\n    \"RESEARCH_INDEX.md\": {\n      \"bytes\": 5412,\n      \"sha256\": \"820cd51fa5bc6dd2a24889ac465e343be5e5e495601dff5d943d136d67fcbd7f\"\n    },\n    \"START_HERE.md\": {\n      \"bytes\": 5506,\n      \"sha256\": \"90daec4ceedcefb282c1217745fec25acf650fc1242dd8a5e00d77c64190df9d\"\n    },\n    \"STATUS.md\": {\n      \"bytes\": 4019,\n      \"sha256\": \"634b49b8dba278ef2c524c4f1283558cca9cf5c2818ebde98f5020733e510945\"\n    },\n    \"docs/index.html\": {\n      \"bytes\": 10185,\n      \"sha256\": \"ca90a2c051ab670b3b8ea3c5b6945bfeb5fbe3e626d627f7cb5d89cd66a7cfde\"\n    },\n    \"docs/learn.html\": {\n      \"bytes\": 21878,\n      \"sha256\": \"170c75b755cfd685bc08f9a1f0727559887d6d4a66fd2c85032b23bb8d1de035\"\n    },\n    \"formal-verification-status.json\": {\n      \"bytes\": 3672,\n      \"sha256\": \"232d7d6b65448578546bd299c01940a30e25ba2eb782479d66321594df241df3\"\n    },\n    \"papers/ABF-001/STATUS.json\": {\n      \"bytes\": 4719,\n      \"sha256\": \"d1b6583f6ad75b06411cce616a699404cda0ecf79af594286ca2451877272dd7\"\n    },\n    \"papers/HINC-001/STATUS.json\": {\n      \"bytes\": 6326,\n      \"sha256\": \"1b517f0f277492e234cc1355d5ea7458f386451337cf1bd14c525a9741e92815\"\n    },\n    \"reports/publication-gates/ABF-001.json\": {\n      \"bytes\": 4365,\n      \"sha256\": \"d026b9118f6009ffb5ca7429da2d3c78414561de62066bec1cae6ae8ab4abf6f\"\n    },\n    \"reports/publication-gates/HINC-001.json\": {\n      \"bytes\": 4215,\n      \"sha256\": \"53c1d91b466dc3cea70584a81d879a9476e626bd5d5c8313735ec264d554ef33\"\n    },\n    \"research-index.json\": {\n      \"bytes\": 5197,\n      \"sha256\": \"906e83bcfc1af5df5adf7072db89be7a9c9d5852dc11ab76f4503ac2a70a2369\"\n    }\n  },\n  \"findings\": [\n    {\n      \"category\": \"private_reference\",\n      \"level\": \"ERROR\",\n      \"message\": \"synthetic or nonpublic repository token\",\n      \"path\": \"docs/learn.html:83\"\n    },\n    {\n      \"category\": \"private_reference\",\n      \"level\": \"ERROR\",\n      \"message\": \"nonpublic project PR or issue link\",\n      \"path\": \"docs/learn.html:83\"\n    },\n    {\n      \"category\": \"private_reference\",\n      \"level\": \"ERROR\",\n      \"message\": \"synthetic nonpublic host reference\",\n      \"path\": \"docs/learn.html:83\"\n    }\n  ],\n  \"fsg_mathematical_hold_present\": \"yes\",\n  \"full_lean_overclaim\": 0,\n  \"hinc_active_status_present\": \"yes\",\n  \"historical_priority_overclaim\": 0,\n  \"peer_review_overclaim\": 0,\n  \"per_file_state_mismatches\": 0,\n  \"private_detector_literals\": 3,\n  \"private_fsg_references_in_changed_files\": 3,\n  \"result\": \"FAIL\",\n  \"scanned_text_file_count\": 246,\n  \"schema\": \"n.human_ai_mathematics.status_consistency_validation.v3\",\n  \"total_findings\": 3,\n  \"validator_workflow_private_scan_exclusions\": 0\n}\n"
    },
    {
      "actual_exit": 1,
      "changed_file": "README.md",
      "command": [
        "python",
        "tools/validate_status_consistency.py",
        "--root",
        "<mutation-repo>",
        "--scan-all"
      ],
      "detected_categories": [
        "full_lean_overclaim"
      ],
      "detected_finding": "full_lean_overclaim: README.md: HINC full-Lean overclaim",
      "detected_paths": [
        "README.md"
      ],
      "expected_category": "full_lean_overclaim",
      "expected_category_present": true,
      "expected_nonzero_exit": true,
      "expected_path": "README.md",
      "expected_path_present": true,
      "group": "status",
      "id": "M06",
      "mutation": "Claim HINC or ABF is fully Lean verified.",
      "result": "PASS",
      "stderr": "",
      "stdout": "{\n  \"abf_active_status_present\": \"yes\",\n  \"acm_hold_present\": \"yes\",\n  \"canonical_state\": {\n    \"ABF-001\": {\n      \"a02_a06_status\": \"incomplete\",\n      \"active_public_review_authorized\": true,\n      \"bounded_formal_scope\": \"bounded_A01_Lean\",\n      \"bounded_phrase\": \"bounded a01 lean\",\n      \"claim_map_complete\": false,\n      \"compiled_bounded_lane\": \"A01\",\n      \"compiled_lane\": \"A01\",\n      \"external_review\": \"pending\",\n      \"external_specialist_review\": \"pending\",\n      \"formal_state\": \"PARTIAL_PASS\",\n      \"full_manuscript_lean_verified\": false,\n      \"historical_priority\": \"not_established\",\n      \"journal_status\": \"not_submitted\",\n      \"limitations_confirmed\": true,\n      \"matrix_public_state\": \"ACTIVE_PUBLIC_CANDIDATE_TECHNICAL_REVIEW\",\n      \"peer_review\": \"not_submitted\",\n      \"portfolio_public_state\": \"ACTIVE_PUBLIC_CANDIDATE_TECHNICAL_REVIEW\",\n      \"public_release_authorized\": true,\n      \"research_historical_priority\": \"unestablished\",\n      \"research_state\": \"active_review\",\n      \"status_formal_state\": \"PARTIAL_PASS_BOUNDED_A01_LEAN_VERIFICATION\"\n    },\n    \"ACM-001\": {\n      \"controlling_manuscript_complete\": false,\n      \"formal_state\": \"HOLD_PENDING_CONSOLIDATION\",\n      \"full_manuscript_lean_verified\": false,\n      \"matrix_public_state\": \"HOLD_PENDING_CONSOLIDATION\",\n      \"portfolio_public_state\": \"HOLD_PENDING_CONSOLIDATION\",\n      \"public_release_authorized\": false,\n      \"research_state\": \"hold\"\n    },\n    \"FSG-001\": {\n      \"formal_state\": \"HOLD_MATHEMATICAL_BLOCKER\",\n      \"full_manuscript_lean_verified\": false,\n      \"mathematical_blocker\": true,\n      \"matrix_public_state\": \"PRIVATE_CANDIDATE_MATHEMATICAL_BLOCKER_HOLD\",\n      \"portfolio_public_state\": \"PRIVATE_CANDIDATE_MATHEMATICAL_BLOCKER_HOLD\",\n      \"private_candidate\": true,\n      \"public_release_authorized\": false,\n      \"public_theorem_package_released\": false,\n      \"research_state\": \"hold\"\n    },\n    \"HINC-001\": {\n      \"active_public_review_authorized\": true,\n      \"bounded_formal_scope\": \"bounded_Lean\",\n      \"bounded_phrase\": \"bounded lean\",\n      \"claim_map_complete\": false,\n      \"external_review\": \"pending\",\n      \"external_specialist_review\": \"pending\",\n      \"formal_state\": \"PARTIAL_PASS\",\n      \"full_manuscript_lean_verified\": false,\n      \"historical_priority\": \"not_established\",\n      \"journal_status\": \"not_submitted\",\n      \"limitations_confirmed\": true,\n      \"matrix_public_state\": \"ACTIVE_PUBLIC_CANDIDATE_TECHNICAL_REVIEW\",\n      \"peer_review\": \"not_submitted\",\n      \"portfolio_public_state\": \"ACTIVE_PUBLIC_CANDIDATE_TECHNICAL_REVIEW\",\n      \"public_release_authorized\": true,\n      \"research_historical_priority\": \"unestablished\",\n      \"research_state\": \"active_review\",\n      \"status_formal_state\": \"PARTIAL_PASS_BOUNDED_LEAN_VERIFICATION\"\n    }\n  },\n  \"conflicting_formal_states\": 1,\n  \"conflicting_publication_states\": 0,\n  \"credential_or_personal_path_findings\": 0,\n  \"error_count\": 1,\n  \"files\": {\n    \"AGENTS.md\": {\n      \"bytes\": 10305,\n      \"sha256\": \"c532aa8267158ba33d1d65aef9202b59ddb94414d96837c410b776b61501c573\"\n    },\n    \"FSG_001_PUBLIC_TEACHING_HOLD_2026-07-29.md\": {\n      \"bytes\": 2748,\n      \"sha256\": \"9fd811af87d151b688668c5182f953ce0041fd34dcb1d2c39e3506c07d64c823\"\n    },\n    \"FULL_LEAN_RELEASE_STANDARD.md\": {\n      \"bytes\": 3999,\n      \"sha256\": \"3ddb442c892284b0b0692824cbce3c647fe17aebf821c7965100969908c97ec3\"\n    },\n    \"FULL_LEAN_VERIFICATION_PROGRAM.md\": {\n      \"bytes\": 4051,\n      \"sha256\": \"1d116614356c08d642d56f5f54a0e3fec831cac1ef710b77f22a9a4cc0533938\"\n    },\n    \"PAPER_1_3_FULL_LEAN_STATUS.json\": {\n      \"bytes\": 3694,\n      \"sha256\": \"ee4a6165a41302e5761776385ca81caf73049a22fe4f3b2b9277eb982f39dbb1\"\n    },\n    \"PUBLICATION_WORKFLOW.md\": {\n      \"bytes\": 9068,\n      \"sha256\": \"2518ddff119d5fc91e2b1860c9fe1322f8e25febea299f54284d438a3b0d3296\"\n    },\n    \"PUBLIC_REVIEW_FORMALIZATION_HOLD_2026-07-29.md\": {\n      \"bytes\": 3261,\n      \"sha256\": \"01994655a8d35e703ff8a1aa1a6271c968c1b3b69d7724527bcda344a6363a99\"\n    },\n    \"PUBLIC_REVIEW_RELEASE.md\": {\n      \"bytes\": 5703,\n      \"sha256\": \"ae6386c56cb594505d359cbe5d437cea587b15bac7eb7627d58a6ce7958ef193\"\n    },\n    \"README.md\": {\n      \"bytes\": 8027,\n      \"sha256\": \"57101e939df5fc440c45856a2a365b8eb2d9016a8db7200b87ede3ffb47f0587\"\n    },\n    \"RESEARCH_INDEX.md\": {\n      \"bytes\": 5412,\n      \"sha256\": \"820cd51fa5bc6dd2a24889ac465e343be5e5e495601dff5d943d136d67fcbd7f\"\n    },\n    \"START_HERE.md\": {\n      \"bytes\": 5506,\n      \"sha256\": \"90daec4ceedcefb282c1217745fec25acf650fc1242dd8a5e00d77c64190df9d\"\n    },\n    \"STATUS.md\": {\n      \"bytes\": 4019,\n      \"sha256\": \"634b49b8dba278ef2c524c4f1283558cca9cf5c2818ebde98f5020733e510945\"\n    },\n    \"docs/index.html\": {\n      \"bytes\": 10185,\n      \"sha256\": \"ca90a2c051ab670b3b8ea3c5b6945bfeb5fbe3e626d627f7cb5d89cd66a7cfde\"\n    },\n    \"docs/learn.html\": {\n      \"bytes\": 21775,\n      \"sha256\": \"458b3f2ab22f77ee07042791213d3040df87c64ab6a1c292933abc289bcf294e\"\n    },\n    \"formal-verification-status.json\": {\n      \"bytes\": 3672,\n      \"sha256\": \"232d7d6b65448578546bd299c01940a30e25ba2eb782479d66321594df241df3\"\n    },\n    \"papers/ABF-001/STATUS.json\": {\n      \"bytes\": 4719,\n      \"sha256\": \"d1b6583f6ad75b06411cce616a699404cda0ecf79af594286ca2451877272dd7\"\n    },\n    \"papers/HINC-001/STATUS.json\": {\n      \"bytes\": 6326,\n      \"sha256\": \"1b517f0f277492e234cc1355d5ea7458f386451337cf1bd14c525a9741e92815\"\n    },\n    \"reports/publication-gates/ABF-001.json\": {\n      \"bytes\": 4365,\n      \"sha256\": \"d026b9118f6009ffb5ca7429da2d3c78414561de62066bec1cae6ae8ab4abf6f\"\n    },\n    \"reports/publication-gates/HINC-001.json\": {\n      \"bytes\": 4215,\n      \"sha256\": \"53c1d91b466dc3cea70584a81d879a9476e626bd5d5c8313735ec264d554ef33\"\n    },\n    \"research-index.json\": {\n      \"bytes\": 5197,\n      \"sha256\": \"906e83bcfc1af5df5adf7072db89be7a9c9d5852dc11ab76f4503ac2a70a2369\"\n    }\n  },\n  \"findings\": [\n    {\n      \"category\": \"full_lean_overclaim\",\n      \"level\": \"ERROR\",\n      \"message\": \"HINC full-Lean overclaim\",\n      \"path\": \"README.md\"\n    }\n  ],\n  \"fsg_mathematical_hold_present\": \"yes\",\n  \"full_lean_overclaim\": 1,\n  \"hinc_active_status_present\": \"yes\",\n  \"historical_priority_overclaim\": 0,\n  \"peer_review_overclaim\": 0,\n  \"per_file_state_mismatches\": 0,\n  \"private_detector_literals\": 0,\n  \"private_fsg_references_in_changed_files\": 0,\n  \"result\": \"FAIL\",\n  \"scanned_text_file_count\": 246,\n  \"schema\": \"n.human_ai_mathematics.status_consistency_validation.v3\",\n  \"total_findings\": 1,\n  \"validator_workflow_private_scan_exclusions\": 0\n}\n"
    },
    {
      "actual_exit": 1,
      "changed_file": "README.md",
      "command": [
        "python",
        "tools/validate_status_consistency.py",
        "--root",
        "<mutation-repo>",
        "--scan-all"
      ],
      "detected_categories": [
        "peer_review_overclaim"
      ],
      "detected_finding": "peer_review_overclaim: README.md: forbidden current-status wording: peer reviewed: yes",
      "detected_paths": [
        "README.md"
      ],
      "expected_category": "peer_review_overclaim",
      "expected_category_present": true,
      "expected_nonzero_exit": true,
      "expected_path": "README.md",
      "expected_path_present": true,
      "group": "status",
      "id": "M07",
      "mutation": "Claim peer review has been completed.",
      "result": "PASS",
      "stderr": "",
      "stdout": "{\n  \"abf_active_status_present\": \"yes\",\n  \"acm_hold_present\": \"yes\",\n  \"canonical_state\": {\n    \"ABF-001\": {\n      \"a02_a06_status\": \"incomplete\",\n      \"active_public_review_authorized\": true,\n      \"bounded_formal_scope\": \"bounded_A01_Lean\",\n      \"bounded_phrase\": \"bounded a01 lean\",\n      \"claim_map_complete\": false,\n      \"compiled_bounded_lane\": \"A01\",\n      \"compiled_lane\": \"A01\",\n      \"external_review\": \"pending\",\n      \"external_specialist_review\": \"pending\",\n      \"formal_state\": \"PARTIAL_PASS\",\n      \"full_manuscript_lean_verified\": false,\n      \"historical_priority\": \"not_established\",\n      \"journal_status\": \"not_submitted\",\n      \"limitations_confirmed\": true,\n      \"matrix_public_state\": \"ACTIVE_PUBLIC_CANDIDATE_TECHNICAL_REVIEW\",\n      \"peer_review\": \"not_submitted\",\n      \"portfolio_public_state\": \"ACTIVE_PUBLIC_CANDIDATE_TECHNICAL_REVIEW\",\n      \"public_release_authorized\": true,\n      \"research_historical_priority\": \"unestablished\",\n      \"research_state\": \"active_review\",\n      \"status_formal_state\": \"PARTIAL_PASS_BOUNDED_A01_LEAN_VERIFICATION\"\n    },\n    \"ACM-001\": {\n      \"controlling_manuscript_complete\": false,\n      \"formal_state\": \"HOLD_PENDING_CONSOLIDATION\",\n      \"full_manuscript_lean_verified\": false,\n      \"matrix_public_state\": \"HOLD_PENDING_CONSOLIDATION\",\n      \"portfolio_public_state\": \"HOLD_PENDING_CONSOLIDATION\",\n      \"public_release_authorized\": false,\n      \"research_state\": \"hold\"\n    },\n    \"FSG-001\": {\n      \"formal_state\": \"HOLD_MATHEMATICAL_BLOCKER\",\n      \"full_manuscript_lean_verified\": false,\n      \"mathematical_blocker\": true,\n      \"matrix_public_state\": \"PRIVATE_CANDIDATE_MATHEMATICAL_BLOCKER_HOLD\",\n      \"portfolio_public_state\": \"PRIVATE_CANDIDATE_MATHEMATICAL_BLOCKER_HOLD\",\n      \"private_candidate\": true,\n      \"public_release_authorized\": false,\n      \"public_theorem_package_released\": false,\n      \"research_state\": \"hold\"\n    },\n    \"HINC-001\": {\n      \"active_public_review_authorized\": true,\n      \"bounded_formal_scope\": \"bounded_Lean\",\n      \"bounded_phrase\": \"bounded lean\",\n      \"claim_map_complete\": false,\n      \"external_review\": \"pending\",\n      \"external_specialist_review\": \"pending\",\n      \"formal_state\": \"PARTIAL_PASS\",\n      \"full_manuscript_lean_verified\": false,\n      \"historical_priority\": \"not_established\",\n      \"journal_status\": \"not_submitted\",\n      \"limitations_confirmed\": true,\n      \"matrix_public_state\": \"ACTIVE_PUBLIC_CANDIDATE_TECHNICAL_REVIEW\",\n      \"peer_review\": \"not_submitted\",\n      \"portfolio_public_state\": \"ACTIVE_PUBLIC_CANDIDATE_TECHNICAL_REVIEW\",\n      \"public_release_authorized\": true,\n      \"research_historical_priority\": \"unestablished\",\n      \"research_state\": \"active_review\",\n      \"status_formal_state\": \"PARTIAL_PASS_BOUNDED_LEAN_VERIFICATION\"\n    }\n  },\n  \"conflicting_formal_states\": 0,\n  \"conflicting_publication_states\": 0,\n  \"credential_or_personal_path_findings\": 0,\n  \"error_count\": 1,\n  \"files\": {\n    \"AGENTS.md\": {\n      \"bytes\": 10305,\n      \"sha256\": \"c532aa8267158ba33d1d65aef9202b59ddb94414d96837c410b776b61501c573\"\n    },\n    \"FSG_001_PUBLIC_TEACHING_HOLD_2026-07-29.md\": {\n      \"bytes\": 2748,\n      \"sha256\": \"9fd811af87d151b688668c5182f953ce0041fd34dcb1d2c39e3506c07d64c823\"\n    },\n    \"FULL_LEAN_RELEASE_STANDARD.md\": {\n      \"bytes\": 3999,\n      \"sha256\": \"3ddb442c892284b0b0692824cbce3c647fe17aebf821c7965100969908c97ec3\"\n    },\n    \"FULL_LEAN_VERIFICATION_PROGRAM.md\": {\n      \"bytes\": 4051,\n      \"sha256\": \"1d116614356c08d642d56f5f54a0e3fec831cac1ef710b77f22a9a4cc0533938\"\n    },\n    \"PAPER_1_3_FULL_LEAN_STATUS.json\": {\n      \"bytes\": 3694,\n      \"sha256\": \"ee4a6165a41302e5761776385ca81caf73049a22fe4f3b2b9277eb982f39dbb1\"\n    },\n    \"PUBLICATION_WORKFLOW.md\": {\n      \"bytes\": 9068,\n      \"sha256\": \"2518ddff119d5fc91e2b1860c9fe1322f8e25febea299f54284d438a3b0d3296\"\n    },\n    \"PUBLIC_REVIEW_FORMALIZATION_HOLD_2026-07-29.md\": {\n      \"bytes\": 3261,\n      \"sha256\": \"01994655a8d35e703ff8a1aa1a6271c968c1b3b69d7724527bcda344a6363a99\"\n    },\n    \"PUBLIC_REVIEW_RELEASE.md\": {\n      \"bytes\": 5703,\n      \"sha256\": \"ae6386c56cb594505d359cbe5d437cea587b15bac7eb7627d58a6ce7958ef193\"\n    },\n    \"README.md\": {\n      \"bytes\": 7999,\n      \"sha256\": \"71dfd38008a97e6d2213249924b459cf83757e4680c58387369ce6cacdc65d8a\"\n    },\n    \"RESEARCH_INDEX.md\": {\n      \"bytes\": 5412,\n      \"sha256\": \"820cd51fa5bc6dd2a24889ac465e343be5e5e495601dff5d943d136d67fcbd7f\"\n    },\n    \"START_HERE.md\": {\n      \"bytes\": 5506,\n      \"sha256\": \"90daec4ceedcefb282c1217745fec25acf650fc1242dd8a5e00d77c64190df9d\"\n    },\n    \"STATUS.md\": {\n      \"bytes\": 4019,\n      \"sha256\": \"634b49b8dba278ef2c524c4f1283558cca9cf5c2818ebde98f5020733e510945\"\n    },\n    \"docs/index.html\": {\n      \"bytes\": 10185,\n      \"sha256\": \"ca90a2c051ab670b3b8ea3c5b6945bfeb5fbe3e626d627f7cb5d89cd66a7cfde\"\n    },\n    \"docs/learn.html\": {\n      \"bytes\": 21775,\n      \"sha256\": \"458b3f2ab22f77ee07042791213d3040df87c64ab6a1c292933abc289bcf294e\"\n    },\n    \"formal-verification-status.json\": {\n      \"bytes\": 3672,\n      \"sha256\": \"232d7d6b65448578546bd299c01940a30e25ba2eb782479d66321594df241df3\"\n    },\n    \"papers/ABF-001/STATUS.json\": {\n      \"bytes\": 4719,\n      \"sha256\": \"d1b6583f6ad75b06411cce616a699404cda0ecf79af594286ca2451877272dd7\"\n    },\n    \"papers/HINC-001/STATUS.json\": {\n      \"bytes\": 6326,\n      \"sha256\": \"1b517f0f277492e234cc1355d5ea7458f386451337cf1bd14c525a9741e92815\"\n    },\n    \"reports/publication-gates/ABF-001.json\": {\n      \"bytes\": 4365,\n      \"sha256\": \"d026b9118f6009ffb5ca7429da2d3c78414561de62066bec1cae6ae8ab4abf6f\"\n    },\n    \"reports/publication-gates/HINC-001.json\": {\n      \"bytes\": 4215,\n      \"sha256\": \"53c1d91b466dc3cea70584a81d879a9476e626bd5d5c8313735ec264d554ef33\"\n    },\n    \"research-index.json\": {\n      \"bytes\": 5197,\n      \"sha256\": \"906e83bcfc1af5df5adf7072db89be7a9c9d5852dc11ab76f4503ac2a70a2369\"\n    }\n  },\n  \"findings\": [\n    {\n      \"category\": \"peer_review_overclaim\",\n      \"level\": \"ERROR\",\n      \"message\": \"forbidden current-status wording: peer reviewed: yes\",\n      \"path\": \"README.md\"\n    }\n  ],\n  \"fsg_mathematical_hold_present\": \"yes\",\n  \"full_lean_overclaim\": 0,\n  \"hinc_active_status_present\": \"yes\",\n  \"historical_priority_overclaim\": 0,\n  \"peer_review_overclaim\": 1,\n  \"per_file_state_mismatches\": 0,\n  \"private_detector_literals\": 0,\n  \"private_fsg_references_in_changed_files\": 0,\n  \"result\": \"FAIL\",\n  \"scanned_text_file_count\": 246,\n  \"schema\": \"n.human_ai_mathematics.status_consistency_validation.v3\",\n  \"total_findings\": 1,\n  \"validator_workflow_private_scan_exclusions\": 0\n}\n"
    },
    {
      "actual_exit": 1,
      "changed_file": "README.md",
      "command": [
        "python",
        "tools/validate_status_consistency.py",
        "--root",
        "<mutation-repo>",
        "--scan-all"
      ],
      "detected_categories": [
        "historical_priority_overclaim"
      ],
      "detected_finding": "historical_priority_overclaim: README.md: forbidden current-status wording: world-first",
      "detected_paths": [
        "README.md"
      ],
      "expected_category": "historical_priority_overclaim",
      "expected_category_present": true,
      "expected_nonzero_exit": true,
      "expected_path": "README.md",
      "expected_path_present": true,
      "group": "status",
      "id": "M08",
      "mutation": "Claim historical priority or a world-first status.",
      "result": "PASS",
      "stderr": "",
      "stdout": "{\n  \"abf_active_status_present\": \"yes\",\n  \"acm_hold_present\": \"yes\",\n  \"canonical_state\": {\n    \"ABF-001\": {\n      \"a02_a06_status\": \"incomplete\",\n      \"active_public_review_authorized\": true,\n      \"bounded_formal_scope\": \"bounded_A01_Lean\",\n      \"bounded_phrase\": \"bounded a01 lean\",\n      \"claim_map_complete\": false,\n      \"compiled_bounded_lane\": \"A01\",\n      \"compiled_lane\": \"A01\",\n      \"external_review\": \"pending\",\n      \"external_specialist_review\": \"pending\",\n      \"formal_state\": \"PARTIAL_PASS\",\n      \"full_manuscript_lean_verified\": false,\n      \"historical_priority\": \"not_established\",\n      \"journal_status\": \"not_submitted\",\n      \"limitations_confirmed\": true,\n      \"matrix_public_state\": \"ACTIVE_PUBLIC_CANDIDATE_TECHNICAL_REVIEW\",\n      \"peer_review\": \"not_submitted\",\n      \"portfolio_public_state\": \"ACTIVE_PUBLIC_CANDIDATE_TECHNICAL_REVIEW\",\n      \"public_release_authorized\": true,\n      \"research_historical_priority\": \"unestablished\",\n      \"research_state\": \"active_review\",\n      \"status_formal_state\": \"PARTIAL_PASS_BOUNDED_A01_LEAN_VERIFICATION\"\n    },\n    \"ACM-001\": {\n      \"controlling_manuscript_complete\": false,\n      \"formal_state\": \"HOLD_PENDING_CONSOLIDATION\",\n      \"full_manuscript_lean_verified\": false,\n      \"matrix_public_state\": \"HOLD_PENDING_CONSOLIDATION\",\n      \"portfolio_public_state\": \"HOLD_PENDING_CONSOLIDATION\",\n      \"public_release_authorized\": false,\n      \"research_state\": \"hold\"\n    },\n    \"FSG-001\": {\n      \"formal_state\": \"HOLD_MATHEMATICAL_BLOCKER\",\n      \"full_manuscript_lean_verified\": false,\n      \"mathematical_blocker\": true,\n      \"matrix_public_state\": \"PRIVATE_CANDIDATE_MATHEMATICAL_BLOCKER_HOLD\",\n      \"portfolio_public_state\": \"PRIVATE_CANDIDATE_MATHEMATICAL_BLOCKER_HOLD\",\n      \"private_candidate\": true,\n      \"public_release_authorized\": false,\n      \"public_theorem_package_released\": false,\n      \"research_state\": \"hold\"\n    },\n    \"HINC-001\": {\n      \"active_public_review_authorized\": true,\n      \"bounded_formal_scope\": \"bounded_Lean\",\n      \"bounded_phrase\": \"bounded lean\",\n      \"claim_map_complete\": false,\n      \"external_review\": \"pending\",\n      \"external_specialist_review\": \"pending\",\n      \"formal_state\": \"PARTIAL_PASS\",\n      \"full_manuscript_lean_verified\": false,\n      \"historical_priority\": \"not_established\",\n      \"journal_status\": \"not_submitted\",\n      \"limitations_confirmed\": true,\n      \"matrix_public_state\": \"ACTIVE_PUBLIC_CANDIDATE_TECHNICAL_REVIEW\",\n      \"peer_review\": \"not_submitted\",\n      \"portfolio_public_state\": \"ACTIVE_PUBLIC_CANDIDATE_TECHNICAL_REVIEW\",\n      \"public_release_authorized\": true,\n      \"research_historical_priority\": \"unestablished\",\n      \"research_state\": \"active_review\",\n      \"status_formal_state\": \"PARTIAL_PASS_BOUNDED_LEAN_VERIFICATION\"\n    }\n  },\n  \"conflicting_formal_states\": 0,\n  \"conflicting_publication_states\": 0,\n  \"credential_or_personal_path_findings\": 0,\n  \"error_count\": 1,\n  \"files\": {\n    \"AGENTS.md\": {\n      \"bytes\": 10305,\n      \"sha256\": \"c532aa8267158ba33d1d65aef9202b59ddb94414d96837c410b776b61501c573\"\n    },\n    \"FSG_001_PUBLIC_TEACHING_HOLD_2026-07-29.md\": {\n      \"bytes\": 2748,\n      \"sha256\": \"9fd811af87d151b688668c5182f953ce0041fd34dcb1d2c39e3506c07d64c823\"\n    },\n    \"FULL_LEAN_RELEASE_STANDARD.md\": {\n      \"bytes\": 3999,\n      \"sha256\": \"3ddb442c892284b0b0692824cbce3c647fe17aebf821c7965100969908c97ec3\"\n    },\n    \"FULL_LEAN_VERIFICATION_PROGRAM.md\": {\n      \"bytes\": 4051,\n      \"sha256\": \"1d116614356c08d642d56f5f54a0e3fec831cac1ef710b77f22a9a4cc0533938\"\n    },\n    \"PAPER_1_3_FULL_LEAN_STATUS.json\": {\n      \"bytes\": 3694,\n      \"sha256\": \"ee4a6165a41302e5761776385ca81caf73049a22fe4f3b2b9277eb982f39dbb1\"\n    },\n    \"PUBLICATION_WORKFLOW.md\": {\n      \"bytes\": 9068,\n      \"sha256\": \"2518ddff119d5fc91e2b1860c9fe1322f8e25febea299f54284d438a3b0d3296\"\n    },\n    \"PUBLIC_REVIEW_FORMALIZATION_HOLD_2026-07-29.md\": {\n      \"bytes\": 3261,\n      \"sha256\": \"01994655a8d35e703ff8a1aa1a6271c968c1b3b69d7724527bcda344a6363a99\"\n    },\n    \"PUBLIC_REVIEW_RELEASE.md\": {\n      \"bytes\": 5703,\n      \"sha256\": \"ae6386c56cb594505d359cbe5d437cea587b15bac7eb7627d58a6ce7958ef193\"\n    },\n    \"README.md\": {\n      \"bytes\": 8043,\n      \"sha256\": \"c4e360642100b2a69642395a21a5b2ce54993fbc5e7350d9e9ac3fd10114afd5\"\n    },\n    \"RESEARCH_INDEX.md\": {\n      \"bytes\": 5412,\n      \"sha256\": \"820cd51fa5bc6dd2a24889ac465e343be5e5e495601dff5d943d136d67fcbd7f\"\n    },\n    \"START_HERE.md\": {\n      \"bytes\": 5506,\n      \"sha256\": \"90daec4ceedcefb282c1217745fec25acf650fc1242dd8a5e00d77c64190df9d\"\n    },\n    \"STATUS.md\": {\n      \"bytes\": 4019,\n      \"sha256\": \"634b49b8dba278ef2c524c4f1283558cca9cf5c2818ebde98f5020733e510945\"\n    },\n    \"docs/index.html\": {\n      \"bytes\": 10185,\n      \"sha256\": \"ca90a2c051ab670b3b8ea3c5b6945bfeb5fbe3e626d627f7cb5d89cd66a7cfde\"\n    },\n    \"docs/learn.html\": {\n      \"bytes\": 21775,\n      \"sha256\": \"458b3f2ab22f77ee07042791213d3040df87c64ab6a1c292933abc289bcf294e\"\n    },\n    \"formal-verification-status.json\": {\n      \"bytes\": 3672,\n      \"sha256\": \"232d7d6b65448578546bd299c01940a30e25ba2eb782479d66321594df241df3\"\n    },\n    \"papers/ABF-001/STATUS.json\": {\n      \"bytes\": 4719,\n      \"sha256\": \"d1b6583f6ad75b06411cce616a699404cda0ecf79af594286ca2451877272dd7\"\n    },\n    \"papers/HINC-001/STATUS.json\": {\n      \"bytes\": 6326,\n      \"sha256\": \"1b517f0f277492e234cc1355d5ea7458f386451337cf1bd14c525a9741e92815\"\n    },\n    \"reports/publication-gates/ABF-001.json\": {\n      \"bytes\": 4365,\n      \"sha256\": \"d026b9118f6009ffb5ca7429da2d3c78414561de62066bec1cae6ae8ab4abf6f\"\n    },\n    \"reports/publication-gates/HINC-001.json\": {\n      \"bytes\": 4215,\n      \"sha256\": \"53c1d91b466dc3cea70584a81d879a9476e626bd5d5c8313735ec264d554ef33\"\n    },\n    \"research-index.json\": {\n      \"bytes\": 5197,\n      \"sha256\": \"906e83bcfc1af5df5adf7072db89be7a9c9d5852dc11ab76f4503ac2a70a2369\"\n    }\n  },\n  \"findings\": [\n    {\n      \"category\": \"historical_priority_overclaim\",\n      \"level\": \"ERROR\",\n      \"message\": \"forbidden current-status wording: world-first\",\n      \"path\": \"README.md\"\n    }\n  ],\n  \"fsg_mathematical_hold_present\": \"yes\",\n  \"full_lean_overclaim\": 0,\n  \"hinc_active_status_present\": \"yes\",\n  \"historical_priority_overclaim\": 1,\n  \"peer_review_overclaim\": 0,\n  \"per_file_state_mismatches\": 0,\n  \"private_detector_literals\": 0,\n  \"private_fsg_references_in_changed_files\": 0,\n  \"result\": \"FAIL\",\n  \"scanned_text_file_count\": 246,\n  \"schema\": \"n.human_ai_mathematics.status_consistency_validation.v3\",\n  \"total_findings\": 1,\n  \"validator_workflow_private_scan_exclusions\": 0\n}\n"
    },
    {
      "actual_exit": 1,
      "changed_file": "docs/index.html",
      "command": [
        "python",
        "tools/validate_status_consistency.py",
        "--root",
        "<mutation-repo>",
        "--scan-all"
      ],
      "detected_categories": [
        "obsolete_current_state"
      ],
      "detected_finding": "obsolete_current_state: docs/index.html: forbidden current-status wording: hold pending full lean",
      "detected_paths": [
        "docs/index.html"
      ],
      "expected_category": "obsolete_current_state",
      "expected_category_present": true,
      "expected_nonzero_exit": true,
      "expected_path": "docs/index.html",
      "expected_path_present": true,
      "group": "status",
      "id": "M09",
      "mutation": "Create a contradiction between machine-readable and human-readable state.",
      "result": "PASS",
      "stderr": "",
      "stdout": "{\n  \"abf_active_status_present\": \"yes\",\n  \"acm_hold_present\": \"yes\",\n  \"canonical_state\": {\n    \"ABF-001\": {\n      \"a02_a06_status\": \"incomplete\",\n      \"active_public_review_authorized\": true,\n      \"bounded_formal_scope\": \"bounded_A01_Lean\",\n      \"bounded_phrase\": \"bounded a01 lean\",\n      \"claim_map_complete\": false,\n      \"compiled_bounded_lane\": \"A01\",\n      \"compiled_lane\": \"A01\",\n      \"external_review\": \"pending\",\n      \"external_specialist_review\": \"pending\",\n      \"formal_state\": \"PARTIAL_PASS\",\n      \"full_manuscript_lean_verified\": false,\n      \"historical_priority\": \"not_established\",\n      \"journal_status\": \"not_submitted\",\n      \"limitations_confirmed\": true,\n      \"matrix_public_state\": \"ACTIVE_PUBLIC_CANDIDATE_TECHNICAL_REVIEW\",\n      \"peer_review\": \"not_submitted\",\n      \"portfolio_public_state\": \"ACTIVE_PUBLIC_CANDIDATE_TECHNICAL_REVIEW\",\n      \"public_release_authorized\": true,\n      \"research_historical_priority\": \"unestablished\",\n      \"research_state\": \"active_review\",\n      \"status_formal_state\": \"PARTIAL_PASS_BOUNDED_A01_LEAN_VERIFICATION\"\n    },\n    \"ACM-001\": {\n      \"controlling_manuscript_complete\": false,\n      \"formal_state\": \"HOLD_PENDING_CONSOLIDATION\",\n      \"full_manuscript_lean_verified\": false,\n      \"matrix_public_state\": \"HOLD_PENDING_CONSOLIDATION\",\n      \"portfolio_public_state\": \"HOLD_PENDING_CONSOLIDATION\",\n      \"public_release_authorized\": false,\n      \"research_state\": \"hold\"\n    },\n    \"FSG-001\": {\n      \"formal_state\": \"HOLD_MATHEMATICAL_BLOCKER\",\n      \"full_manuscript_lean_verified\": false,\n      \"mathematical_blocker\": true,\n      \"matrix_public_state\": \"PRIVATE_CANDIDATE_MATHEMATICAL_BLOCKER_HOLD\",\n      \"portfolio_public_state\": \"PRIVATE_CANDIDATE_MATHEMATICAL_BLOCKER_HOLD\",\n      \"private_candidate\": true,\n      \"public_release_authorized\": false,\n      \"public_theorem_package_released\": false,\n      \"research_state\": \"hold\"\n    },\n    \"HINC-001\": {\n      \"active_public_review_authorized\": true,\n      \"bounded_formal_scope\": \"bounded_Lean\",\n      \"bounded_phrase\": \"bounded lean\",\n      \"claim_map_complete\": false,\n      \"external_review\": \"pending\",\n      \"external_specialist_review\": \"pending\",\n      \"formal_state\": \"PARTIAL_PASS\",\n      \"full_manuscript_lean_verified\": false,\n      \"historical_priority\": \"not_established\",\n      \"journal_status\": \"not_submitted\",\n      \"limitations_confirmed\": true,\n      \"matrix_public_state\": \"ACTIVE_PUBLIC_CANDIDATE_TECHNICAL_REVIEW\",\n      \"peer_review\": \"not_submitted\",\n      \"portfolio_public_state\": \"ACTIVE_PUBLIC_CANDIDATE_TECHNICAL_REVIEW\",\n      \"public_release_authorized\": true,\n      \"research_historical_priority\": \"unestablished\",\n      \"research_state\": \"active_review\",\n      \"status_formal_state\": \"PARTIAL_PASS_BOUNDED_LEAN_VERIFICATION\"\n    }\n  },\n  \"conflicting_formal_states\": 0,\n  \"conflicting_publication_states\": 1,\n  \"credential_or_personal_path_findings\": 0,\n  \"error_count\": 1,\n  \"files\": {\n    \"AGENTS.md\": {\n      \"bytes\": 10305,\n      \"sha256\": \"c532aa8267158ba33d1d65aef9202b59ddb94414d96837c410b776b61501c573\"\n    },\n    \"FSG_001_PUBLIC_TEACHING_HOLD_2026-07-29.md\": {\n      \"bytes\": 2748,\n      \"sha256\": \"9fd811af87d151b688668c5182f953ce0041fd34dcb1d2c39e3506c07d64c823\"\n    },\n    \"FULL_LEAN_RELEASE_STANDARD.md\": {\n      \"bytes\": 3999,\n      \"sha256\": \"3ddb442c892284b0b0692824cbce3c647fe17aebf821c7965100969908c97ec3\"\n    },\n    \"FULL_LEAN_VERIFICATION_PROGRAM.md\": {\n      \"bytes\": 4051,\n      \"sha256\": \"1d116614356c08d642d56f5f54a0e3fec831cac1ef710b77f22a9a4cc0533938\"\n    },\n    \"PAPER_1_3_FULL_LEAN_STATUS.json\": {\n      \"bytes\": 3694,\n      \"sha256\": \"ee4a6165a41302e5761776385ca81caf73049a22fe4f3b2b9277eb982f39dbb1\"\n    },\n    \"PUBLICATION_WORKFLOW.md\": {\n      \"bytes\": 9068,\n      \"sha256\": \"2518ddff119d5fc91e2b1860c9fe1322f8e25febea299f54284d438a3b0d3296\"\n    },\n    \"PUBLIC_REVIEW_FORMALIZATION_HOLD_2026-07-29.md\": {\n      \"bytes\": 3261,\n      \"sha256\": \"01994655a8d35e703ff8a1aa1a6271c968c1b3b69d7724527bcda344a6363a99\"\n    },\n    \"PUBLIC_REVIEW_RELEASE.md\": {\n      \"bytes\": 5703,\n      \"sha256\": \"ae6386c56cb594505d359cbe5d437cea587b15bac7eb7627d58a6ce7958ef193\"\n    },\n    \"README.md\": {\n      \"bytes\": 7978,\n      \"sha256\": \"3420e13cdb58416cf2614c7a65d0b91413988d675843af9b5a828972cd534293\"\n    },\n    \"RESEARCH_INDEX.md\": {\n      \"bytes\": 5412,\n      \"sha256\": \"820cd51fa5bc6dd2a24889ac465e343be5e5e495601dff5d943d136d67fcbd7f\"\n    },\n    \"START_HERE.md\": {\n      \"bytes\": 5506,\n      \"sha256\": \"90daec4ceedcefb282c1217745fec25acf650fc1242dd8a5e00d77c64190df9d\"\n    },\n    \"STATUS.md\": {\n      \"bytes\": 4019,\n      \"sha256\": \"634b49b8dba278ef2c524c4f1283558cca9cf5c2818ebde98f5020733e510945\"\n    },\n    \"docs/index.html\": {\n      \"bytes\": 10174,\n      \"sha256\": \"c02a998ec6864fa80c4e7471cb2622ae8ac3d6cf91e379da3da73093d213634d\"\n    },\n    \"docs/learn.html\": {\n      \"bytes\": 21775,\n      \"sha256\": \"458b3f2ab22f77ee07042791213d3040df87c64ab6a1c292933abc289bcf294e\"\n    },\n    \"formal-verification-status.json\": {\n      \"bytes\": 3672,\n      \"sha256\": \"232d7d6b65448578546bd299c01940a30e25ba2eb782479d66321594df241df3\"\n    },\n    \"papers/ABF-001/STATUS.json\": {\n      \"bytes\": 4719,\n      \"sha256\": \"d1b6583f6ad75b06411cce616a699404cda0ecf79af594286ca2451877272dd7\"\n    },\n    \"papers/HINC-001/STATUS.json\": {\n      \"bytes\": 6326,\n      \"sha256\": \"1b517f0f277492e234cc1355d5ea7458f386451337cf1bd14c525a9741e92815\"\n    },\n    \"reports/publication-gates/ABF-001.json\": {\n      \"bytes\": 4365,\n      \"sha256\": \"d026b9118f6009ffb5ca7429da2d3c78414561de62066bec1cae6ae8ab4abf6f\"\n    },\n    \"reports/publication-gates/HINC-001.json\": {\n      \"bytes\": 4215,\n      \"sha256\": \"53c1d91b466dc3cea70584a81d879a9476e626bd5d5c8313735ec264d554ef33\"\n    },\n    \"research-index.json\": {\n      \"bytes\": 5197,\n      \"sha256\": \"906e83bcfc1af5df5adf7072db89be7a9c9d5852dc11ab76f4503ac2a70a2369\"\n    }\n  },\n  \"findings\": [\n    {\n      \"category\": \"obsolete_current_state\",\n      \"level\": \"ERROR\",\n      \"message\": \"forbidden current-status wording: hold pending full lean\",\n      \"path\": \"docs/index.html\"\n    }\n  ],\n  \"fsg_mathematical_hold_present\": \"yes\",\n  \"full_lean_overclaim\": 0,\n  \"hinc_active_status_present\": \"yes\",\n  \"historical_priority_overclaim\": 0,\n  \"peer_review_overclaim\": 0,\n  \"per_file_state_mismatches\": 0,\n  \"private_detector_literals\": 0,\n  \"private_fsg_references_in_changed_files\": 0,\n  \"result\": \"FAIL\",\n  \"scanned_text_file_count\": 246,\n  \"schema\": \"n.human_ai_mathematics.status_consistency_validation.v3\",\n  \"total_findings\": 1,\n  \"validator_workflow_private_scan_exclusions\": 0\n}\n"
    },
    {
      "actual_exit": 1,
      "changed_file": "docs/index.html",
      "command": [
        "python",
        "tools/validate_status_consistency.py",
        "--root",
        "<mutation-repo>",
        "--scan-all"
      ],
      "detected_categories": [
        "obsolete_current_state"
      ],
      "detected_finding": "obsolete_current_state: docs/index.html: forbidden current-status wording: no active theorem packages",
      "detected_paths": [
        "docs/index.html"
      ],
      "expected_category": "obsolete_current_state",
      "expected_category_present": true,
      "expected_nonzero_exit": true,
      "expected_path": "docs/index.html",
      "expected_path_present": true,
      "group": "status",
      "id": "M10",
      "mutation": "Restore No active theorem packages to the current landing page.",
      "result": "PASS",
      "stderr": "",
      "stdout": "{\n  \"abf_active_status_present\": \"yes\",\n  \"acm_hold_present\": \"yes\",\n  \"canonical_state\": {\n    \"ABF-001\": {\n      \"a02_a06_status\": \"incomplete\",\n      \"active_public_review_authorized\": true,\n      \"bounded_formal_scope\": \"bounded_A01_Lean\",\n      \"bounded_phrase\": \"bounded a01 lean\",\n      \"claim_map_complete\": false,\n      \"compiled_bounded_lane\": \"A01\",\n      \"compiled_lane\": \"A01\",\n      \"external_review\": \"pending\",\n      \"external_specialist_review\": \"pending\",\n      \"formal_state\": \"PARTIAL_PASS\",\n      \"full_manuscript_lean_verified\": false,\n      \"historical_priority\": \"not_established\",\n      \"journal_status\": \"not_submitted\",\n      \"limitations_confirmed\": true,\n      \"matrix_public_state\": \"ACTIVE_PUBLIC_CANDIDATE_TECHNICAL_REVIEW\",\n      \"peer_review\": \"not_submitted\",\n      \"portfolio_public_state\": \"ACTIVE_PUBLIC_CANDIDATE_TECHNICAL_REVIEW\",\n      \"public_release_authorized\": true,\n      \"research_historical_priority\": \"unestablished\",\n      \"research_state\": \"active_review\",\n      \"status_formal_state\": \"PARTIAL_PASS_BOUNDED_A01_LEAN_VERIFICATION\"\n    },\n    \"ACM-001\": {\n      \"controlling_manuscript_complete\": false,\n      \"formal_state\": \"HOLD_PENDING_CONSOLIDATION\",\n      \"full_manuscript_lean_verified\": false,\n      \"matrix_public_state\": \"HOLD_PENDING_CONSOLIDATION\",\n      \"portfolio_public_state\": \"HOLD_PENDING_CONSOLIDATION\",\n      \"public_release_authorized\": false,\n      \"research_state\": \"hold\"\n    },\n    \"FSG-001\": {\n      \"formal_state\": \"HOLD_MATHEMATICAL_BLOCKER\",\n      \"full_manuscript_lean_verified\": false,\n      \"mathematical_blocker\": true,\n      \"matrix_public_state\": \"PRIVATE_CANDIDATE_MATHEMATICAL_BLOCKER_HOLD\",\n      \"portfolio_public_state\": \"PRIVATE_CANDIDATE_MATHEMATICAL_BLOCKER_HOLD\",\n      \"private_candidate\": true,\n      \"public_release_authorized\": false,\n      \"public_theorem_package_released\": false,\n      \"research_state\": \"hold\"\n    },\n    \"HINC-001\": {\n      \"active_public_review_authorized\": true,\n      \"bounded_formal_scope\": \"bounded_Lean\",\n      \"bounded_phrase\": \"bounded lean\",\n      \"claim_map_complete\": false,\n      \"external_review\": \"pending\",\n      \"external_specialist_review\": \"pending\",\n      \"formal_state\": \"PARTIAL_PASS\",\n      \"full_manuscript_lean_verified\": false,\n      \"historical_priority\": \"not_established\",\n      \"journal_status\": \"not_submitted\",\n      \"limitations_confirmed\": true,\n      \"matrix_public_state\": \"ACTIVE_PUBLIC_CANDIDATE_TECHNICAL_REVIEW\",\n      \"peer_review\": \"not_submitted\",\n      \"portfolio_public_state\": \"ACTIVE_PUBLIC_CANDIDATE_TECHNICAL_REVIEW\",\n      \"public_release_authorized\": true,\n      \"research_historical_priority\": \"unestablished\",\n      \"research_state\": \"active_review\",\n      \"status_formal_state\": \"PARTIAL_PASS_BOUNDED_LEAN_VERIFICATION\"\n    }\n  },\n  \"conflicting_formal_states\": 0,\n  \"conflicting_publication_states\": 1,\n  \"credential_or_personal_path_findings\": 0,\n  \"error_count\": 1,\n  \"files\": {\n    \"AGENTS.md\": {\n      \"bytes\": 10305,\n      \"sha256\": \"c532aa8267158ba33d1d65aef9202b59ddb94414d96837c410b776b61501c573\"\n    },\n    \"FSG_001_PUBLIC_TEACHING_HOLD_2026-07-29.md\": {\n      \"bytes\": 2748,\n      \"sha256\": \"9fd811af87d151b688668c5182f953ce0041fd34dcb1d2c39e3506c07d64c823\"\n    },\n    \"FULL_LEAN_RELEASE_STANDARD.md\": {\n      \"bytes\": 3999,\n      \"sha256\": \"3ddb442c892284b0b0692824cbce3c647fe17aebf821c7965100969908c97ec3\"\n    },\n    \"FULL_LEAN_VERIFICATION_PROGRAM.md\": {\n      \"bytes\": 4051,\n      \"sha256\": \"1d116614356c08d642d56f5f54a0e3fec831cac1ef710b77f22a9a4cc0533938\"\n    },\n    \"PAPER_1_3_FULL_LEAN_STATUS.json\": {\n      \"bytes\": 3694,\n      \"sha256\": \"ee4a6165a41302e5761776385ca81caf73049a22fe4f3b2b9277eb982f39dbb1\"\n    },\n    \"PUBLICATION_WORKFLOW.md\": {\n      \"bytes\": 9068,\n      \"sha256\": \"2518ddff119d5fc91e2b1860c9fe1322f8e25febea299f54284d438a3b0d3296\"\n    },\n    \"PUBLIC_REVIEW_FORMALIZATION_HOLD_2026-07-29.md\": {\n      \"bytes\": 3261,\n      \"sha256\": \"01994655a8d35e703ff8a1aa1a6271c968c1b3b69d7724527bcda344a6363a99\"\n    },\n    \"PUBLIC_REVIEW_RELEASE.md\": {\n      \"bytes\": 5703,\n      \"sha256\": \"ae6386c56cb594505d359cbe5d437cea587b15bac7eb7627d58a6ce7958ef193\"\n    },\n    \"README.md\": {\n      \"bytes\": 7978,\n      \"sha256\": \"3420e13cdb58416cf2614c7a65d0b91413988d675843af9b5a828972cd534293\"\n    },\n    \"RESEARCH_INDEX.md\": {\n      \"bytes\": 5412,\n      \"sha256\": \"820cd51fa5bc6dd2a24889ac465e343be5e5e495601dff5d943d136d67fcbd7f\"\n    },\n    \"START_HERE.md\": {\n      \"bytes\": 5506,\n      \"sha256\": \"90daec4ceedcefb282c1217745fec25acf650fc1242dd8a5e00d77c64190df9d\"\n    },\n    \"STATUS.md\": {\n      \"bytes\": 4019,\n      \"sha256\": \"634b49b8dba278ef2c524c4f1283558cca9cf5c2818ebde98f5020733e510945\"\n    },\n    \"docs/index.html\": {\n      \"bytes\": 10237,\n      \"sha256\": \"cee91b3d1ff235cf481bc10cd4ad9c809acf3f967e62a7fabdaec25f67f2c5b1\"\n    },\n    \"docs/learn.html\": {\n      \"bytes\": 21775,\n      \"sha256\": \"458b3f2ab22f77ee07042791213d3040df87c64ab6a1c292933abc289bcf294e\"\n    },\n    \"formal-verification-status.json\": {\n      \"bytes\": 3672,\n      \"sha256\": \"232d7d6b65448578546bd299c01940a30e25ba2eb782479d66321594df241df3\"\n    },\n    \"papers/ABF-001/STATUS.json\": {\n      \"bytes\": 4719,\n      \"sha256\": \"d1b6583f6ad75b06411cce616a699404cda0ecf79af594286ca2451877272dd7\"\n    },\n    \"papers/HINC-001/STATUS.json\": {\n      \"bytes\": 6326,\n      \"sha256\": \"1b517f0f277492e234cc1355d5ea7458f386451337cf1bd14c525a9741e92815\"\n    },\n    \"reports/publication-gates/ABF-001.json\": {\n      \"bytes\": 4365,\n      \"sha256\": \"d026b9118f6009ffb5ca7429da2d3c78414561de62066bec1cae6ae8ab4abf6f\"\n    },\n    \"reports/publication-gates/HINC-001.json\": {\n      \"bytes\": 4215,\n      \"sha256\": \"53c1d91b466dc3cea70584a81d879a9476e626bd5d5c8313735ec264d554ef33\"\n    },\n    \"research-index.json\": {\n      \"bytes\": 5197,\n      \"sha256\": \"906e83bcfc1af5df5adf7072db89be7a9c9d5852dc11ab76f4503ac2a70a2369\"\n    }\n  },\n  \"findings\": [\n    {\n      \"category\": \"obsolete_current_state\",\n      \"level\": \"ERROR\",\n      \"message\": \"forbidden current-status wording: no active theorem packages\",\n      \"path\": \"docs/index.html\"\n    }\n  ],\n  \"fsg_mathematical_hold_present\": \"yes\",\n  \"full_lean_overclaim\": 0,\n  \"hinc_active_status_present\": \"yes\",\n  \"historical_priority_overclaim\": 0,\n  \"peer_review_overclaim\": 0,\n  \"per_file_state_mismatches\": 0,\n  \"private_detector_literals\": 0,\n  \"private_fsg_references_in_changed_files\": 0,\n  \"result\": \"FAIL\",\n  \"scanned_text_file_count\": 246,\n  \"schema\": \"n.human_ai_mathematics.status_consistency_validation.v3\",\n  \"total_findings\": 1,\n  \"validator_workflow_private_scan_exclusions\": 0\n}\n"
    },
    {
      "actual_exit": 1,
      "changed_file": "README.md",
      "command": [
        "python",
        "tools/validate_status_consistency.py",
        "--root",
        "<mutation-repo>",
        "--scan-all"
      ],
      "detected_categories": [
        "obsolete_current_state"
      ],
      "detected_finding": "obsolete_current_state: README.md: forbidden current-status wording: historical artifacts only",
      "detected_paths": [
        "README.md"
      ],
      "expected_category": "obsolete_current_state",
      "expected_category_present": true,
      "expected_nonzero_exit": true,
      "expected_path": "README.md",
      "expected_path_present": true,
      "group": "status",
      "id": "M11",
      "mutation": "Restore HINC/ABF historical artifact only wording.",
      "result": "PASS",
      "stderr": "",
      "stdout": "{\n  \"abf_active_status_present\": \"yes\",\n  \"acm_hold_present\": \"yes\",\n  \"canonical_state\": {\n    \"ABF-001\": {\n      \"a02_a06_status\": \"incomplete\",\n      \"active_public_review_authorized\": true,\n      \"bounded_formal_scope\": \"bounded_A01_Lean\",\n      \"bounded_phrase\": \"bounded a01 lean\",\n      \"claim_map_complete\": false,\n      \"compiled_bounded_lane\": \"A01\",\n      \"compiled_lane\": \"A01\",\n      \"external_review\": \"pending\",\n      \"external_specialist_review\": \"pending\",\n      \"formal_state\": \"PARTIAL_PASS\",\n      \"full_manuscript_lean_verified\": false,\n      \"historical_priority\": \"not_established\",\n      \"journal_status\": \"not_submitted\",\n      \"limitations_confirmed\": true,\n      \"matrix_public_state\": \"ACTIVE_PUBLIC_CANDIDATE_TECHNICAL_REVIEW\",\n      \"peer_review\": \"not_submitted\",\n      \"portfolio_public_state\": \"ACTIVE_PUBLIC_CANDIDATE_TECHNICAL_REVIEW\",\n      \"public_release_authorized\": true,\n      \"research_historical_priority\": \"unestablished\",\n      \"research_state\": \"active_review\",\n      \"status_formal_state\": \"PARTIAL_PASS_BOUNDED_A01_LEAN_VERIFICATION\"\n    },\n    \"ACM-001\": {\n      \"controlling_manuscript_complete\": false,\n      \"formal_state\": \"HOLD_PENDING_CONSOLIDATION\",\n      \"full_manuscript_lean_verified\": false,\n      \"matrix_public_state\": \"HOLD_PENDING_CONSOLIDATION\",\n      \"portfolio_public_state\": \"HOLD_PENDING_CONSOLIDATION\",\n      \"public_release_authorized\": false,\n      \"research_state\": \"hold\"\n    },\n    \"FSG-001\": {\n      \"formal_state\": \"HOLD_MATHEMATICAL_BLOCKER\",\n      \"full_manuscript_lean_verified\": false,\n      \"mathematical_blocker\": true,\n      \"matrix_public_state\": \"PRIVATE_CANDIDATE_MATHEMATICAL_BLOCKER_HOLD\",\n      \"portfolio_public_state\": \"PRIVATE_CANDIDATE_MATHEMATICAL_BLOCKER_HOLD\",\n      \"private_candidate\": true,\n      \"public_release_authorized\": false,\n      \"public_theorem_package_released\": false,\n      \"research_state\": \"hold\"\n    },\n    \"HINC-001\": {\n      \"active_public_review_authorized\": true,\n      \"bounded_formal_scope\": \"bounded_Lean\",\n      \"bounded_phrase\": \"bounded lean\",\n      \"claim_map_complete\": false,\n      \"external_review\": \"pending\",\n      \"external_specialist_review\": \"pending\",\n      \"formal_state\": \"PARTIAL_PASS\",\n      \"full_manuscript_lean_verified\": false,\n      \"historical_priority\": \"not_established\",\n      \"journal_status\": \"not_submitted\",\n      \"limitations_confirmed\": true,\n      \"matrix_public_state\": \"ACTIVE_PUBLIC_CANDIDATE_TECHNICAL_REVIEW\",\n      \"peer_review\": \"not_submitted\",\n      \"portfolio_public_state\": \"ACTIVE_PUBLIC_CANDIDATE_TECHNICAL_REVIEW\",\n      \"public_release_authorized\": true,\n      \"research_historical_priority\": \"unestablished\",\n      \"research_state\": \"active_review\",\n      \"status_formal_state\": \"PARTIAL_PASS_BOUNDED_LEAN_VERIFICATION\"\n    }\n  },\n  \"conflicting_formal_states\": 0,\n  \"conflicting_publication_states\": 1,\n  \"credential_or_personal_path_findings\": 0,\n  \"error_count\": 1,\n  \"files\": {\n    \"AGENTS.md\": {\n      \"bytes\": 10305,\n      \"sha256\": \"c532aa8267158ba33d1d65aef9202b59ddb94414d96837c410b776b61501c573\"\n    },\n    \"FSG_001_PUBLIC_TEACHING_HOLD_2026-07-29.md\": {\n      \"bytes\": 2748,\n      \"sha256\": \"9fd811af87d151b688668c5182f953ce0041fd34dcb1d2c39e3506c07d64c823\"\n    },\n    \"FULL_LEAN_RELEASE_STANDARD.md\": {\n      \"bytes\": 3999,\n      \"sha256\": \"3ddb442c892284b0b0692824cbce3c647fe17aebf821c7965100969908c97ec3\"\n    },\n    \"FULL_LEAN_VERIFICATION_PROGRAM.md\": {\n      \"bytes\": 4051,\n      \"sha256\": \"1d116614356c08d642d56f5f54a0e3fec831cac1ef710b77f22a9a4cc0533938\"\n    },\n    \"PAPER_1_3_FULL_LEAN_STATUS.json\": {\n      \"bytes\": 3694,\n      \"sha256\": \"ee4a6165a41302e5761776385ca81caf73049a22fe4f3b2b9277eb982f39dbb1\"\n    },\n    \"PUBLICATION_WORKFLOW.md\": {\n      \"bytes\": 9068,\n      \"sha256\": \"2518ddff119d5fc91e2b1860c9fe1322f8e25febea299f54284d438a3b0d3296\"\n    },\n    \"PUBLIC_REVIEW_FORMALIZATION_HOLD_2026-07-29.md\": {\n      \"bytes\": 3261,\n      \"sha256\": \"01994655a8d35e703ff8a1aa1a6271c968c1b3b69d7724527bcda344a6363a99\"\n    },\n    \"PUBLIC_REVIEW_RELEASE.md\": {\n      \"bytes\": 5703,\n      \"sha256\": \"ae6386c56cb594505d359cbe5d437cea587b15bac7eb7627d58a6ce7958ef193\"\n    },\n    \"README.md\": {\n      \"bytes\": 8031,\n      \"sha256\": \"cc01f96398c0c128cd44a3c578147761dc686344176c674edaca659803c0559d\"\n    },\n    \"RESEARCH_INDEX.md\": {\n      \"bytes\": 5412,\n      \"sha256\": \"820cd51fa5bc6dd2a24889ac465e343be5e5e495601dff5d943d136d67fcbd7f\"\n    },\n    \"START_HERE.md\": {\n      \"bytes\": 5506,\n      \"sha256\": \"90daec4ceedcefb282c1217745fec25acf650fc1242dd8a5e00d77c64190df9d\"\n    },\n    \"STATUS.md\": {\n      \"bytes\": 4019,\n      \"sha256\": \"634b49b8dba278ef2c524c4f1283558cca9cf5c2818ebde98f5020733e510945\"\n    },\n    \"docs/index.html\": {\n      \"bytes\": 10185,\n      \"sha256\": \"ca90a2c051ab670b3b8ea3c5b6945bfeb5fbe3e626d627f7cb5d89cd66a7cfde\"\n    },\n    \"docs/learn.html\": {\n      \"bytes\": 21775,\n      \"sha256\": \"458b3f2ab22f77ee07042791213d3040df87c64ab6a1c292933abc289bcf294e\"\n    },\n    \"formal-verification-status.json\": {\n      \"bytes\": 3672,\n      \"sha256\": \"232d7d6b65448578546bd299c01940a30e25ba2eb782479d66321594df241df3\"\n    },\n    \"papers/ABF-001/STATUS.json\": {\n      \"bytes\": 4719,\n      \"sha256\": \"d1b6583f6ad75b06411cce616a699404cda0ecf79af594286ca2451877272dd7\"\n    },\n    \"papers/HINC-001/STATUS.json\": {\n      \"bytes\": 6326,\n      \"sha256\": \"1b517f0f277492e234cc1355d5ea7458f386451337cf1bd14c525a9741e92815\"\n    },\n    \"reports/publication-gates/ABF-001.json\": {\n      \"bytes\": 4365,\n      \"sha256\": \"d026b9118f6009ffb5ca7429da2d3c78414561de62066bec1cae6ae8ab4abf6f\"\n    },\n    \"reports/publication-gates/HINC-001.json\": {\n      \"bytes\": 4215,\n      \"sha256\": \"53c1d91b466dc3cea70584a81d879a9476e626bd5d5c8313735ec264d554ef33\"\n    },\n    \"research-index.json\": {\n      \"bytes\": 5197,\n      \"sha256\": \"906e83bcfc1af5df5adf7072db89be7a9c9d5852dc11ab76f4503ac2a70a2369\"\n    }\n  },\n  \"findings\": [\n    {\n      \"category\": \"obsolete_current_state\",\n      \"level\": \"ERROR\",\n      \"message\": \"forbidden current-status wording: historical artifacts only\",\n      \"path\": \"README.md\"\n    }\n  ],\n  \"fsg_mathematical_hold_present\": \"yes\",\n  \"full_lean_overclaim\": 0,\n  \"hinc_active_status_present\": \"yes\",\n  \"historical_priority_overclaim\": 0,\n  \"peer_review_overclaim\": 0,\n  \"per_file_state_mismatches\": 0,\n  \"private_detector_literals\": 0,\n  \"private_fsg_references_in_changed_files\": 0,\n  \"result\": \"FAIL\",\n  \"scanned_text_file_count\": 246,\n  \"schema\": \"n.human_ai_mathematics.status_consistency_validation.v3\",\n  \"total_findings\": 1,\n  \"validator_workflow_private_scan_exclusions\": 0\n}\n"
    },
    {
      "actual_exit": 1,
      "changed_file": "docs/learn.html",
      "command": [
        "python",
        "tools/validate_status_consistency.py",
        "--root",
        "<mutation-repo>",
        "--scan-all"
      ],
      "detected_categories": [
        "fsg_correction_overclaim"
      ],
      "detected_finding": "fsg_correction_overclaim: docs/learn.html: FSG corrected theorem overclaim",
      "detected_paths": [
        "docs/learn.html"
      ],
      "expected_category": "fsg_correction_overclaim",
      "expected_category_present": true,
      "expected_nonzero_exit": true,
      "expected_path": "docs/learn.html",
      "expected_path_present": true,
      "group": "status",
      "id": "M12",
      "mutation": "Represent the private FSG correction as passed or established.",
      "result": "PASS",
      "stderr": "",
      "stdout": "{\n  \"abf_active_status_present\": \"yes\",\n  \"acm_hold_present\": \"yes\",\n  \"canonical_state\": {\n    \"ABF-001\": {\n      \"a02_a06_status\": \"incomplete\",\n      \"active_public_review_authorized\": true,\n      \"bounded_formal_scope\": \"bounded_A01_Lean\",\n      \"bounded_phrase\": \"bounded a01 lean\",\n      \"claim_map_complete\": false,\n      \"compiled_bounded_lane\": \"A01\",\n      \"compiled_lane\": \"A01\",\n      \"external_review\": \"pending\",\n      \"external_specialist_review\": \"pending\",\n      \"formal_state\": \"PARTIAL_PASS\",\n      \"full_manuscript_lean_verified\": false,\n      \"historical_priority\": \"not_established\",\n      \"journal_status\": \"not_submitted\",\n      \"limitations_confirmed\": true,\n      \"matrix_public_state\": \"ACTIVE_PUBLIC_CANDIDATE_TECHNICAL_REVIEW\",\n      \"peer_review\": \"not_submitted\",\n      \"portfolio_public_state\": \"ACTIVE_PUBLIC_CANDIDATE_TECHNICAL_REVIEW\",\n      \"public_release_authorized\": true,\n      \"research_historical_priority\": \"unestablished\",\n      \"research_state\": \"active_review\",\n      \"status_formal_state\": \"PARTIAL_PASS_BOUNDED_A01_LEAN_VERIFICATION\"\n    },\n    \"ACM-001\": {\n      \"controlling_manuscript_complete\": false,\n      \"formal_state\": \"HOLD_PENDING_CONSOLIDATION\",\n      \"full_manuscript_lean_verified\": false,\n      \"matrix_public_state\": \"HOLD_PENDING_CONSOLIDATION\",\n      \"portfolio_public_state\": \"HOLD_PENDING_CONSOLIDATION\",\n      \"public_release_authorized\": false,\n      \"research_state\": \"hold\"\n    },\n    \"FSG-001\": {\n      \"formal_state\": \"HOLD_MATHEMATICAL_BLOCKER\",\n      \"full_manuscript_lean_verified\": false,\n      \"mathematical_blocker\": true,\n      \"matrix_public_state\": \"PRIVATE_CANDIDATE_MATHEMATICAL_BLOCKER_HOLD\",\n      \"portfolio_public_state\": \"PRIVATE_CANDIDATE_MATHEMATICAL_BLOCKER_HOLD\",\n      \"private_candidate\": true,\n      \"public_release_authorized\": false,\n      \"public_theorem_package_released\": false,\n      \"research_state\": \"hold\"\n    },\n    \"HINC-001\": {\n      \"active_public_review_authorized\": true,\n      \"bounded_formal_scope\": \"bounded_Lean\",\n      \"bounded_phrase\": \"bounded lean\",\n      \"claim_map_complete\": false,\n      \"external_review\": \"pending\",\n      \"external_specialist_review\": \"pending\",\n      \"formal_state\": \"PARTIAL_PASS\",\n      \"full_manuscript_lean_verified\": false,\n      \"historical_priority\": \"not_established\",\n      \"journal_status\": \"not_submitted\",\n      \"limitations_confirmed\": true,\n      \"matrix_public_state\": \"ACTIVE_PUBLIC_CANDIDATE_TECHNICAL_REVIEW\",\n      \"peer_review\": \"not_submitted\",\n      \"portfolio_public_state\": \"ACTIVE_PUBLIC_CANDIDATE_TECHNICAL_REVIEW\",\n      \"public_release_authorized\": true,\n      \"research_historical_priority\": \"unestablished\",\n      \"research_state\": \"active_review\",\n      \"status_formal_state\": \"PARTIAL_PASS_BOUNDED_LEAN_VERIFICATION\"\n    }\n  },\n  \"conflicting_formal_states\": 0,\n  \"conflicting_publication_states\": 0,\n  \"credential_or_personal_path_findings\": 0,\n  \"error_count\": 1,\n  \"files\": {\n    \"AGENTS.md\": {\n      \"bytes\": 10305,\n      \"sha256\": \"c532aa8267158ba33d1d65aef9202b59ddb94414d96837c410b776b61501c573\"\n    },\n    \"FSG_001_PUBLIC_TEACHING_HOLD_2026-07-29.md\": {\n      \"bytes\": 2748,\n      \"sha256\": \"9fd811af87d151b688668c5182f953ce0041fd34dcb1d2c39e3506c07d64c823\"\n    },\n    \"FULL_LEAN_RELEASE_STANDARD.md\": {\n      \"bytes\": 3999,\n      \"sha256\": \"3ddb442c892284b0b0692824cbce3c647fe17aebf821c7965100969908c97ec3\"\n    },\n    \"FULL_LEAN_VERIFICATION_PROGRAM.md\": {\n      \"bytes\": 4051,\n      \"sha256\": \"1d116614356c08d642d56f5f54a0e3fec831cac1ef710b77f22a9a4cc0533938\"\n    },\n    \"PAPER_1_3_FULL_LEAN_STATUS.json\": {\n      \"bytes\": 3694,\n      \"sha256\": \"ee4a6165a41302e5761776385ca81caf73049a22fe4f3b2b9277eb982f39dbb1\"\n    },\n    \"PUBLICATION_WORKFLOW.md\": {\n      \"bytes\": 9068,\n      \"sha256\": \"2518ddff119d5fc91e2b1860c9fe1322f8e25febea299f54284d438a3b0d3296\"\n    },\n    \"PUBLIC_REVIEW_FORMALIZATION_HOLD_2026-07-29.md\": {\n      \"bytes\": 3261,\n      \"sha256\": \"01994655a8d35e703ff8a1aa1a6271c968c1b3b69d7724527bcda344a6363a99\"\n    },\n    \"PUBLIC_REVIEW_RELEASE.md\": {\n      \"bytes\": 5703,\n      \"sha256\": \"ae6386c56cb594505d359cbe5d437cea587b15bac7eb7627d58a6ce7958ef193\"\n    },\n    \"README.md\": {\n      \"bytes\": 7978,\n      \"sha256\": \"3420e13cdb58416cf2614c7a65d0b91413988d675843af9b5a828972cd534293\"\n    },\n    \"RESEARCH_INDEX.md\": {\n      \"bytes\": 5412,\n      \"sha256\": \"820cd51fa5bc6dd2a24889ac465e343be5e5e495601dff5d943d136d67fcbd7f\"\n    },\n    \"START_HERE.md\": {\n      \"bytes\": 5506,\n      \"sha256\": \"90daec4ceedcefb282c1217745fec25acf650fc1242dd8a5e00d77c64190df9d\"\n    },\n    \"STATUS.md\": {\n      \"bytes\": 4019,\n      \"sha256\": \"634b49b8dba278ef2c524c4f1283558cca9cf5c2818ebde98f5020733e510945\"\n    },\n    \"docs/index.html\": {\n      \"bytes\": 10185,\n      \"sha256\": \"ca90a2c051ab670b3b8ea3c5b6945bfeb5fbe3e626d627f7cb5d89cd66a7cfde\"\n    },\n    \"docs/learn.html\": {\n      \"bytes\": 21840,\n      \"sha256\": \"20ae2a52fea6aa4b45f2ac786a034accfbcace4837e95d50f6e81d8b29c73c15\"\n    },\n    \"formal-verification-status.json\": {\n      \"bytes\": 3672,\n      \"sha256\": \"232d7d6b65448578546bd299c01940a30e25ba2eb782479d66321594df241df3\"\n    },\n    \"papers/ABF-001/STATUS.json\": {\n      \"bytes\": 4719,\n      \"sha256\": \"d1b6583f6ad75b06411cce616a699404cda0ecf79af594286ca2451877272dd7\"\n    },\n    \"papers/HINC-001/STATUS.json\": {\n      \"bytes\": 6326,\n      \"sha256\": \"1b517f0f277492e234cc1355d5ea7458f386451337cf1bd14c525a9741e92815\"\n    },\n    \"reports/publication-gates/ABF-001.json\": {\n      \"bytes\": 4365,\n      \"sha256\": \"d026b9118f6009ffb5ca7429da2d3c78414561de62066bec1cae6ae8ab4abf6f\"\n    },\n    \"reports/publication-gates/HINC-001.json\": {\n      \"bytes\": 4215,\n      \"sha256\": \"53c1d91b466dc3cea70584a81d879a9476e626bd5d5c8313735ec264d554ef33\"\n    },\n    \"research-index.json\": {\n      \"bytes\": 5197,\n      \"sha256\": \"906e83bcfc1af5df5adf7072db89be7a9c9d5852dc11ab76f4503ac2a70a2369\"\n    }\n  },\n  \"findings\": [\n    {\n      \"category\": \"fsg_correction_overclaim\",\n      \"level\": \"ERROR\",\n      \"message\": \"FSG corrected theorem overclaim\",\n      \"path\": \"docs/learn.html\"\n    }\n  ],\n  \"fsg_mathematical_hold_present\": \"yes\",\n  \"full_lean_overclaim\": 0,\n  \"hinc_active_status_present\": \"yes\",\n  \"historical_priority_overclaim\": 0,\n  \"peer_review_overclaim\": 0,\n  \"per_file_state_mismatches\": 0,\n  \"private_detector_literals\": 0,\n  \"private_fsg_references_in_changed_files\": 0,\n  \"result\": \"FAIL\",\n  \"scanned_text_file_count\": 246,\n  \"schema\": \"n.human_ai_mathematics.status_consistency_validation.v3\",\n  \"total_findings\": 1,\n  \"validator_workflow_private_scan_exclusions\": 0\n}\n"
    },
    {
      "actual_exit": 1,
      "changed_file": "FSG_001_PUBLIC_TEACHING_HOLD_2026-07-29.md",
      "command": [
        "python",
        "tools/validate_status_consistency.py",
        "--root",
        "<mutation-repo>",
        "--scan-all"
      ],
      "detected_categories": [
        "private_reference"
      ],
      "detected_finding": "private_reference: FSG_001_PUBLIC_TEACHING_HOLD_2026-07-29.md:71: private-style branch name",
      "detected_paths": [
        "FSG_001_PUBLIC_TEACHING_HOLD_2026-07-29.md:71"
      ],
      "expected_category": "private_reference",
      "expected_category_present": true,
      "expected_nonzero_exit": true,
      "expected_path": "FSG_001_PUBLIC_TEACHING_HOLD_2026-07-29.md",
      "expected_path_present": true,
      "group": "status",
      "id": "M13",
      "mutation": "Expose a synthetic private branch, manuscript path, or artifact path.",
      "result": "PASS",
      "stderr": "",
      "stdout": "{\n  \"abf_active_status_present\": \"yes\",\n  \"acm_hold_present\": \"yes\",\n  \"canonical_state\": {\n    \"ABF-001\": {\n      \"a02_a06_status\": \"incomplete\",\n      \"active_public_review_authorized\": true,\n      \"bounded_formal_scope\": \"bounded_A01_Lean\",\n      \"bounded_phrase\": \"bounded a01 lean\",\n      \"claim_map_complete\": false,\n      \"compiled_bounded_lane\": \"A01\",\n      \"compiled_lane\": \"A01\",\n      \"external_review\": \"pending\",\n      \"external_specialist_review\": \"pending\",\n      \"formal_state\": \"PARTIAL_PASS\",\n      \"full_manuscript_lean_verified\": false,\n      \"historical_priority\": \"not_established\",\n      \"journal_status\": \"not_submitted\",\n      \"limitations_confirmed\": true,\n      \"matrix_public_state\": \"ACTIVE_PUBLIC_CANDIDATE_TECHNICAL_REVIEW\",\n      \"peer_review\": \"not_submitted\",\n      \"portfolio_public_state\": \"ACTIVE_PUBLIC_CANDIDATE_TECHNICAL_REVIEW\",\n      \"public_release_authorized\": true,\n      \"research_historical_priority\": \"unestablished\",\n      \"research_state\": \"active_review\",\n      \"status_formal_state\": \"PARTIAL_PASS_BOUNDED_A01_LEAN_VERIFICATION\"\n    },\n    \"ACM-001\": {\n      \"controlling_manuscript_complete\": false,\n      \"formal_state\": \"HOLD_PENDING_CONSOLIDATION\",\n      \"full_manuscript_lean_verified\": false,\n      \"matrix_public_state\": \"HOLD_PENDING_CONSOLIDATION\",\n      \"portfolio_public_state\": \"HOLD_PENDING_CONSOLIDATION\",\n      \"public_release_authorized\": false,\n      \"research_state\": \"hold\"\n    },\n    \"FSG-001\": {\n      \"formal_state\": \"HOLD_MATHEMATICAL_BLOCKER\",\n      \"full_manuscript_lean_verified\": false,\n      \"mathematical_blocker\": true,\n      \"matrix_public_state\": \"PRIVATE_CANDIDATE_MATHEMATICAL_BLOCKER_HOLD\",\n      \"portfolio_public_state\": \"PRIVATE_CANDIDATE_MATHEMATICAL_BLOCKER_HOLD\",\n      \"private_candidate\": true,\n      \"public_release_authorized\": false,\n      \"public_theorem_package_released\": false,\n      \"research_state\": \"hold\"\n    },\n    \"HINC-001\": {\n      \"active_public_review_authorized\": true,\n      \"bounded_formal_scope\": \"bounded_Lean\",\n      \"bounded_phrase\": \"bounded lean\",\n      \"claim_map_complete\": false,\n      \"external_review\": \"pending\",\n      \"external_specialist_review\": \"pending\",\n      \"formal_state\": \"PARTIAL_PASS\",\n      \"full_manuscript_lean_verified\": false,\n      \"historical_priority\": \"not_established\",\n      \"journal_status\": \"not_submitted\",\n      \"limitations_confirmed\": true,\n      \"matrix_public_state\": \"ACTIVE_PUBLIC_CANDIDATE_TECHNICAL_REVIEW\",\n      \"peer_review\": \"not_submitted\",\n      \"portfolio_public_state\": \"ACTIVE_PUBLIC_CANDIDATE_TECHNICAL_REVIEW\",\n      \"public_release_authorized\": true,\n      \"research_historical_priority\": \"unestablished\",\n      \"research_state\": \"active_review\",\n      \"status_formal_state\": \"PARTIAL_PASS_BOUNDED_LEAN_VERIFICATION\"\n    }\n  },\n  \"conflicting_formal_states\": 0,\n  \"conflicting_publication_states\": 0,\n  \"credential_or_personal_path_findings\": 0,\n  \"error_count\": 3,\n  \"files\": {\n    \"AGENTS.md\": {\n      \"bytes\": 10305,\n      \"sha256\": \"c532aa8267158ba33d1d65aef9202b59ddb94414d96837c410b776b61501c573\"\n    },\n    \"FSG_001_PUBLIC_TEACHING_HOLD_2026-07-29.md\": {\n      \"bytes\": 2893,\n      \"sha256\": \"91967206a0f54ca6cbae51b45993158a32f9a40741e913103a57ec5034da4a82\"\n    },\n    \"FULL_LEAN_RELEASE_STANDARD.md\": {\n      \"bytes\": 3999,\n      \"sha256\": \"3ddb442c892284b0b0692824cbce3c647fe17aebf821c7965100969908c97ec3\"\n    },\n    \"FULL_LEAN_VERIFICATION_PROGRAM.md\": {\n      \"bytes\": 4051,\n      \"sha256\": \"1d116614356c08d642d56f5f54a0e3fec831cac1ef710b77f22a9a4cc0533938\"\n    },\n    \"PAPER_1_3_FULL_LEAN_STATUS.json\": {\n      \"bytes\": 3694,\n      \"sha256\": \"ee4a6165a41302e5761776385ca81caf73049a22fe4f3b2b9277eb982f39dbb1\"\n    },\n    \"PUBLICATION_WORKFLOW.md\": {\n      \"bytes\": 9068,\n      \"sha256\": \"2518ddff119d5fc91e2b1860c9fe1322f8e25febea299f54284d438a3b0d3296\"\n    },\n    \"PUBLIC_REVIEW_FORMALIZATION_HOLD_2026-07-29.md\": {\n      \"bytes\": 3261,\n      \"sha256\": \"01994655a8d35e703ff8a1aa1a6271c968c1b3b69d7724527bcda344a6363a99\"\n    },\n    \"PUBLIC_REVIEW_RELEASE.md\": {\n      \"bytes\": 5703,\n      \"sha256\": \"ae6386c56cb594505d359cbe5d437cea587b15bac7eb7627d58a6ce7958ef193\"\n    },\n    \"README.md\": {\n      \"bytes\": 7978,\n      \"sha256\": \"3420e13cdb58416cf2614c7a65d0b91413988d675843af9b5a828972cd534293\"\n    },\n    \"RESEARCH_INDEX.md\": {\n      \"bytes\": 5412,\n      \"sha256\": \"820cd51fa5bc6dd2a24889ac465e343be5e5e495601dff5d943d136d67fcbd7f\"\n    },\n    \"START_HERE.md\": {\n      \"bytes\": 5506,\n      \"sha256\": \"90daec4ceedcefb282c1217745fec25acf650fc1242dd8a5e00d77c64190df9d\"\n    },\n    \"STATUS.md\": {\n      \"bytes\": 4019,\n      \"sha256\": \"634b49b8dba278ef2c524c4f1283558cca9cf5c2818ebde98f5020733e510945\"\n    },\n    \"docs/index.html\": {\n      \"bytes\": 10185,\n      \"sha256\": \"ca90a2c051ab670b3b8ea3c5b6945bfeb5fbe3e626d627f7cb5d89cd66a7cfde\"\n    },\n    \"docs/learn.html\": {\n      \"bytes\": 21775,\n      \"sha256\": \"458b3f2ab22f77ee07042791213d3040df87c64ab6a1c292933abc289bcf294e\"\n    },\n    \"formal-verification-status.json\": {\n      \"bytes\": 3672,\n      \"sha256\": \"232d7d6b65448578546bd299c01940a30e25ba2eb782479d66321594df241df3\"\n    },\n    \"papers/ABF-001/STATUS.json\": {\n      \"bytes\": 4719,\n      \"sha256\": \"d1b6583f6ad75b06411cce616a699404cda0ecf79af594286ca2451877272dd7\"\n    },\n    \"papers/HINC-001/STATUS.json\": {\n      \"bytes\": 6326,\n      \"sha256\": \"1b517f0f277492e234cc1355d5ea7458f386451337cf1bd14c525a9741e92815\"\n    },\n    \"reports/publication-gates/ABF-001.json\": {\n      \"bytes\": 4365,\n      \"sha256\": \"d026b9118f6009ffb5ca7429da2d3c78414561de62066bec1cae6ae8ab4abf6f\"\n    },\n    \"reports/publication-gates/HINC-001.json\": {\n      \"bytes\": 4215,\n      \"sha256\": \"53c1d91b466dc3cea70584a81d879a9476e626bd5d5c8313735ec264d554ef33\"\n    },\n    \"research-index.json\": {\n      \"bytes\": 5197,\n      \"sha256\": \"906e83bcfc1af5df5adf7072db89be7a9c9d5852dc11ab76f4503ac2a70a2369\"\n    }\n  },\n  \"findings\": [\n    {\n      \"category\": \"private_reference\",\n      \"level\": \"ERROR\",\n      \"message\": \"private-style branch name\",\n      \"path\": \"FSG_001_PUBLIC_TEACHING_HOLD_2026-07-29.md:71\"\n    },\n    {\n      \"category\": \"private_reference\",\n      \"level\": \"ERROR\",\n      \"message\": \"private manuscript/source/evidence/artifact path\",\n      \"path\": \"FSG_001_PUBLIC_TEACHING_HOLD_2026-07-29.md:71\"\n    },\n    {\n      \"category\": \"private_reference\",\n      \"level\": \"ERROR\",\n      \"message\": \"private manuscript/source/evidence/artifact path\",\n      \"path\": \"FSG_001_PUBLIC_TEACHING_HOLD_2026-07-29.md:71\"\n    }\n  ],\n  \"fsg_mathematical_hold_present\": \"yes\",\n  \"full_lean_overclaim\": 0,\n  \"hinc_active_status_present\": \"yes\",\n  \"historical_priority_overclaim\": 0,\n  \"peer_review_overclaim\": 0,\n  \"per_file_state_mismatches\": 0,\n  \"private_detector_literals\": 3,\n  \"private_fsg_references_in_changed_files\": 3,\n  \"result\": \"FAIL\",\n  \"scanned_text_file_count\": 246,\n  \"schema\": \"n.human_ai_mathematics.status_consistency_validation.v3\",\n  \"total_findings\": 3,\n  \"validator_workflow_private_scan_exclusions\": 0\n}\n"
    },
    {
      "actual_exit": 1,
      "changed_file": "research-index.json",
      "command": [
        "python",
        "tools/validate_status_consistency.py",
        "--root",
        "<mutation-repo>",
        "--scan-all"
      ],
      "detected_categories": [
        "current_release_channel"
      ],
      "detected_finding": "current_release_channel: research-index.json: current release channel must be public_review",
      "detected_paths": [
        "research-index.json"
      ],
      "expected_category": "current_release_channel",
      "expected_category_present": true,
      "expected_nonzero_exit": true,
      "expected_path": "research-index.json",
      "expected_path_present": true,
      "group": "status",
      "id": "M14",
      "mutation": "Use obsolete full-Lean requalification-hold state as the current release channel.",
      "result": "PASS",
      "stderr": "",
      "stdout": "{\n  \"abf_active_status_present\": \"yes\",\n  \"acm_hold_present\": \"yes\",\n  \"canonical_state\": {\n    \"ABF-001\": {\n      \"a02_a06_status\": \"incomplete\",\n      \"active_public_review_authorized\": true,\n      \"bounded_formal_scope\": \"bounded_A01_Lean\",\n      \"bounded_phrase\": \"bounded a01 lean\",\n      \"claim_map_complete\": false,\n      \"compiled_bounded_lane\": \"A01\",\n      \"compiled_lane\": \"A01\",\n      \"external_review\": \"pending\",\n      \"external_specialist_review\": \"pending\",\n      \"formal_state\": \"PARTIAL_PASS\",\n      \"full_manuscript_lean_verified\": false,\n      \"historical_priority\": \"not_established\",\n      \"journal_status\": \"not_submitted\",\n      \"limitations_confirmed\": true,\n      \"matrix_public_state\": \"ACTIVE_PUBLIC_CANDIDATE_TECHNICAL_REVIEW\",\n      \"peer_review\": \"not_submitted\",\n      \"portfolio_public_state\": \"ACTIVE_PUBLIC_CANDIDATE_TECHNICAL_REVIEW\",\n      \"public_release_authorized\": true,\n      \"research_historical_priority\": \"unestablished\",\n      \"research_state\": \"active_review\",\n      \"status_formal_state\": \"PARTIAL_PASS_BOUNDED_A01_LEAN_VERIFICATION\"\n    },\n    \"ACM-001\": {\n      \"controlling_manuscript_complete\": false,\n      \"formal_state\": \"HOLD_PENDING_CONSOLIDATION\",\n      \"full_manuscript_lean_verified\": false,\n      \"matrix_public_state\": \"HOLD_PENDING_CONSOLIDATION\",\n      \"portfolio_public_state\": \"HOLD_PENDING_CONSOLIDATION\",\n      \"public_release_authorized\": false,\n      \"research_state\": \"hold\"\n    },\n    \"FSG-001\": {\n      \"formal_state\": \"HOLD_MATHEMATICAL_BLOCKER\",\n      \"full_manuscript_lean_verified\": false,\n      \"mathematical_blocker\": true,\n      \"matrix_public_state\": \"PRIVATE_CANDIDATE_MATHEMATICAL_BLOCKER_HOLD\",\n      \"portfolio_public_state\": \"PRIVATE_CANDIDATE_MATHEMATICAL_BLOCKER_HOLD\",\n      \"private_candidate\": true,\n      \"public_release_authorized\": false,\n      \"public_theorem_package_released\": false,\n      \"research_state\": \"hold\"\n    },\n    \"HINC-001\": {\n      \"active_public_review_authorized\": true,\n      \"bounded_formal_scope\": \"bounded_Lean\",\n      \"bounded_phrase\": \"bounded lean\",\n      \"claim_map_complete\": false,\n      \"external_review\": \"pending\",\n      \"external_specialist_review\": \"pending\",\n      \"formal_state\": \"PARTIAL_PASS\",\n      \"full_manuscript_lean_verified\": false,\n      \"historical_priority\": \"not_established\",\n      \"journal_status\": \"not_submitted\",\n      \"limitations_confirmed\": true,\n      \"matrix_public_state\": \"ACTIVE_PUBLIC_CANDIDATE_TECHNICAL_REVIEW\",\n      \"peer_review\": \"not_submitted\",\n      \"portfolio_public_state\": \"ACTIVE_PUBLIC_CANDIDATE_TECHNICAL_REVIEW\",\n      \"public_release_authorized\": true,\n      \"research_historical_priority\": \"unestablished\",\n      \"research_state\": \"active_review\",\n      \"status_formal_state\": \"PARTIAL_PASS_BOUNDED_LEAN_VERIFICATION\"\n    }\n  },\n  \"conflicting_formal_states\": 0,\n  \"conflicting_publication_states\": 1,\n  \"credential_or_personal_path_findings\": 0,\n  \"error_count\": 1,\n  \"files\": {\n    \"AGENTS.md\": {\n      \"bytes\": 10305,\n      \"sha256\": \"c532aa8267158ba33d1d65aef9202b59ddb94414d96837c410b776b61501c573\"\n    },\n    \"FSG_001_PUBLIC_TEACHING_HOLD_2026-07-29.md\": {\n      \"bytes\": 2748,\n      \"sha256\": \"9fd811af87d151b688668c5182f953ce0041fd34dcb1d2c39e3506c07d64c823\"\n    },\n    \"FULL_LEAN_RELEASE_STANDARD.md\": {\n      \"bytes\": 3999,\n      \"sha256\": \"3ddb442c892284b0b0692824cbce3c647fe17aebf821c7965100969908c97ec3\"\n    },\n    \"FULL_LEAN_VERIFICATION_PROGRAM.md\": {\n      \"bytes\": 4051,\n      \"sha256\": \"1d116614356c08d642d56f5f54a0e3fec831cac1ef710b77f22a9a4cc0533938\"\n    },\n    \"PAPER_1_3_FULL_LEAN_STATUS.json\": {\n      \"bytes\": 3694,\n      \"sha256\": \"ee4a6165a41302e5761776385ca81caf73049a22fe4f3b2b9277eb982f39dbb1\"\n    },\n    \"PUBLICATION_WORKFLOW.md\": {\n      \"bytes\": 9068,\n      \"sha256\": \"2518ddff119d5fc91e2b1860c9fe1322f8e25febea299f54284d438a3b0d3296\"\n    },\n    \"PUBLIC_REVIEW_FORMALIZATION_HOLD_2026-07-29.md\": {\n      \"bytes\": 3261,\n      \"sha256\": \"01994655a8d35e703ff8a1aa1a6271c968c1b3b69d7724527bcda344a6363a99\"\n    },\n    \"PUBLIC_REVIEW_RELEASE.md\": {\n      \"bytes\": 5703,\n      \"sha256\": \"ae6386c56cb594505d359cbe5d437cea587b15bac7eb7627d58a6ce7958ef193\"\n    },\n    \"README.md\": {\n      \"bytes\": 7978,\n      \"sha256\": \"3420e13cdb58416cf2614c7a65d0b91413988d675843af9b5a828972cd534293\"\n    },\n    \"RESEARCH_INDEX.md\": {\n      \"bytes\": 5412,\n      \"sha256\": \"820cd51fa5bc6dd2a24889ac465e343be5e5e495601dff5d943d136d67fcbd7f\"\n    },\n    \"START_HERE.md\": {\n      \"bytes\": 5506,\n      \"sha256\": \"90daec4ceedcefb282c1217745fec25acf650fc1242dd8a5e00d77c64190df9d\"\n    },\n    \"STATUS.md\": {\n      \"bytes\": 4019,\n      \"sha256\": \"634b49b8dba278ef2c524c4f1283558cca9cf5c2818ebde98f5020733e510945\"\n    },\n    \"docs/index.html\": {\n      \"bytes\": 10185,\n      \"sha256\": \"ca90a2c051ab670b3b8ea3c5b6945bfeb5fbe3e626d627f7cb5d89cd66a7cfde\"\n    },\n    \"docs/learn.html\": {\n      \"bytes\": 21775,\n      \"sha256\": \"458b3f2ab22f77ee07042791213d3040df87c64ab6a1c292933abc289bcf294e\"\n    },\n    \"formal-verification-status.json\": {\n      \"bytes\": 3672,\n      \"sha256\": \"232d7d6b65448578546bd299c01940a30e25ba2eb782479d66321594df241df3\"\n    },\n    \"papers/ABF-001/STATUS.json\": {\n      \"bytes\": 4719,\n      \"sha256\": \"d1b6583f6ad75b06411cce616a699404cda0ecf79af594286ca2451877272dd7\"\n    },\n    \"papers/HINC-001/STATUS.json\": {\n      \"bytes\": 6326,\n      \"sha256\": \"1b517f0f277492e234cc1355d5ea7458f386451337cf1bd14c525a9741e92815\"\n    },\n    \"reports/publication-gates/ABF-001.json\": {\n      \"bytes\": 4365,\n      \"sha256\": \"d026b9118f6009ffb5ca7429da2d3c78414561de62066bec1cae6ae8ab4abf6f\"\n    },\n    \"reports/publication-gates/HINC-001.json\": {\n      \"bytes\": 4215,\n      \"sha256\": \"53c1d91b466dc3cea70584a81d879a9476e626bd5d5c8313735ec264d554ef33\"\n    },\n    \"research-index.json\": {\n      \"bytes\": 5215,\n      \"sha256\": \"d97df375f827be9a075a7165bbe4c28a8d9040f504043b1d918d4139d2b480b8\"\n    }\n  },\n  \"findings\": [\n    {\n      \"category\": \"current_release_channel\",\n      \"level\": \"ERROR\",\n      \"message\": \"current release channel must be public_review\",\n      \"path\": \"research-index.json\"\n    }\n  ],\n  \"fsg_mathematical_hold_present\": \"yes\",\n  \"full_lean_overclaim\": 0,\n  \"hinc_active_status_present\": \"yes\",\n  \"historical_priority_overclaim\": 0,\n  \"peer_review_overclaim\": 0,\n  \"per_file_state_mismatches\": 0,\n  \"private_detector_literals\": 0,\n  \"private_fsg_references_in_changed_files\": 0,\n  \"result\": \"FAIL\",\n  \"scanned_text_file_count\": 246,\n  \"schema\": \"n.human_ai_mathematics.status_consistency_validation.v3\",\n  \"total_findings\": 1,\n  \"validator_workflow_private_scan_exclusions\": 0\n}\n"
    },
    {
      "actual_exit": 1,
      "changed_file": "docs/learn.html",
      "command": [
        "python",
        "tools/validate_status_consistency.py",
        "--root",
        "<mutation-repo>",
        "--scan-all"
      ],
      "detected_categories": [
        "private_reference"
      ],
      "detected_finding": "private_reference: docs/learn.html:83: non-allowlisted project repository URL",
      "detected_paths": [
        "docs/learn.html:83"
      ],
      "expected_category": "private_reference",
      "expected_category_present": true,
      "expected_nonzero_exit": true,
      "expected_path": "docs/learn.html",
      "expected_path_present": true,
      "group": "private_reference",
      "id": "P01",
      "mutation": "Expose an arbitrary invented nonallowlisted repository URL.",
      "result": "PASS",
      "stderr": "",
      "stdout": "{\n  \"abf_active_status_present\": \"yes\",\n  \"acm_hold_present\": \"yes\",\n  \"canonical_state\": {\n    \"ABF-001\": {\n      \"a02_a06_status\": \"incomplete\",\n      \"active_public_review_authorized\": true,\n      \"bounded_formal_scope\": \"bounded_A01_Lean\",\n      \"bounded_phrase\": \"bounded a01 lean\",\n      \"claim_map_complete\": false,\n      \"compiled_bounded_lane\": \"A01\",\n      \"compiled_lane\": \"A01\",\n      \"external_review\": \"pending\",\n      \"external_specialist_review\": \"pending\",\n      \"formal_state\": \"PARTIAL_PASS\",\n      \"full_manuscript_lean_verified\": false,\n      \"historical_priority\": \"not_established\",\n      \"journal_status\": \"not_submitted\",\n      \"limitations_confirmed\": true,\n      \"matrix_public_state\": \"ACTIVE_PUBLIC_CANDIDATE_TECHNICAL_REVIEW\",\n      \"peer_review\": \"not_submitted\",\n      \"portfolio_public_state\": \"ACTIVE_PUBLIC_CANDIDATE_TECHNICAL_REVIEW\",\n      \"public_release_authorized\": true,\n      \"research_historical_priority\": \"unestablished\",\n      \"research_state\": \"active_review\",\n      \"status_formal_state\": \"PARTIAL_PASS_BOUNDED_A01_LEAN_VERIFICATION\"\n    },\n    \"ACM-001\": {\n      \"controlling_manuscript_complete\": false,\n      \"formal_state\": \"HOLD_PENDING_CONSOLIDATION\",\n      \"full_manuscript_lean_verified\": false,\n      \"matrix_public_state\": \"HOLD_PENDING_CONSOLIDATION\",\n      \"portfolio_public_state\": \"HOLD_PENDING_CONSOLIDATION\",\n      \"public_release_authorized\": false,\n      \"research_state\": \"hold\"\n    },\n    \"FSG-001\": {\n      \"formal_state\": \"HOLD_MATHEMATICAL_BLOCKER\",\n      \"full_manuscript_lean_verified\": false,\n      \"mathematical_blocker\": true,\n      \"matrix_public_state\": \"PRIVATE_CANDIDATE_MATHEMATICAL_BLOCKER_HOLD\",\n      \"portfolio_public_state\": \"PRIVATE_CANDIDATE_MATHEMATICAL_BLOCKER_HOLD\",\n      \"private_candidate\": true,\n      \"public_release_authorized\": false,\n      \"public_theorem_package_released\": false,\n      \"research_state\": \"hold\"\n    },\n    \"HINC-001\": {\n      \"active_public_review_authorized\": true,\n      \"bounded_formal_scope\": \"bounded_Lean\",\n      \"bounded_phrase\": \"bounded lean\",\n      \"claim_map_complete\": false,\n      \"external_review\": \"pending\",\n      \"external_specialist_review\": \"pending\",\n      \"formal_state\": \"PARTIAL_PASS\",\n      \"full_manuscript_lean_verified\": false,\n      \"historical_priority\": \"not_established\",\n      \"journal_status\": \"not_submitted\",\n      \"limitations_confirmed\": true,\n      \"matrix_public_state\": \"ACTIVE_PUBLIC_CANDIDATE_TECHNICAL_REVIEW\",\n      \"peer_review\": \"not_submitted\",\n      \"portfolio_public_state\": \"ACTIVE_PUBLIC_CANDIDATE_TECHNICAL_REVIEW\",\n      \"public_release_authorized\": true,\n      \"research_historical_priority\": \"unestablished\",\n      \"research_state\": \"active_review\",\n      \"status_formal_state\": \"PARTIAL_PASS_BOUNDED_LEAN_VERIFICATION\"\n    }\n  },\n  \"conflicting_formal_states\": 0,\n  \"conflicting_publication_states\": 0,\n  \"credential_or_personal_path_findings\": 0,\n  \"error_count\": 2,\n  \"files\": {\n    \"AGENTS.md\": {\n      \"bytes\": 10305,\n      \"sha256\": \"c532aa8267158ba33d1d65aef9202b59ddb94414d96837c410b776b61501c573\"\n    },\n    \"FSG_001_PUBLIC_TEACHING_HOLD_2026-07-29.md\": {\n      \"bytes\": 2748,\n      \"sha256\": \"9fd811af87d151b688668c5182f953ce0041fd34dcb1d2c39e3506c07d64c823\"\n    },\n    \"FULL_LEAN_RELEASE_STANDARD.md\": {\n      \"bytes\": 3999,\n      \"sha256\": \"3ddb442c892284b0b0692824cbce3c647fe17aebf821c7965100969908c97ec3\"\n    },\n    \"FULL_LEAN_VERIFICATION_PROGRAM.md\": {\n      \"bytes\": 4051,\n      \"sha256\": \"1d116614356c08d642d56f5f54a0e3fec831cac1ef710b77f22a9a4cc0533938\"\n    },\n    \"PAPER_1_3_FULL_LEAN_STATUS.json\": {\n      \"bytes\": 3694,\n      \"sha256\": \"ee4a6165a41302e5761776385ca81caf73049a22fe4f3b2b9277eb982f39dbb1\"\n    },\n    \"PUBLICATION_WORKFLOW.md\": {\n      \"bytes\": 9068,\n      \"sha256\": \"2518ddff119d5fc91e2b1860c9fe1322f8e25febea299f54284d438a3b0d3296\"\n    },\n    \"PUBLIC_REVIEW_FORMALIZATION_HOLD_2026-07-29.md\": {\n      \"bytes\": 3261,\n      \"sha256\": \"01994655a8d35e703ff8a1aa1a6271c968c1b3b69d7724527bcda344a6363a99\"\n    },\n    \"PUBLIC_REVIEW_RELEASE.md\": {\n      \"bytes\": 5703,\n      \"sha256\": \"ae6386c56cb594505d359cbe5d437cea587b15bac7eb7627d58a6ce7958ef193\"\n    },\n    \"README.md\": {\n      \"bytes\": 7978,\n      \"sha256\": \"3420e13cdb58416cf2614c7a65d0b91413988d675843af9b5a828972cd534293\"\n    },\n    \"RESEARCH_INDEX.md\": {\n      \"bytes\": 5412,\n      \"sha256\": \"820cd51fa5bc6dd2a24889ac465e343be5e5e495601dff5d943d136d67fcbd7f\"\n    },\n    \"START_HERE.md\": {\n      \"bytes\": 5506,\n      \"sha256\": \"90daec4ceedcefb282c1217745fec25acf650fc1242dd8a5e00d77c64190df9d\"\n    },\n    \"STATUS.md\": {\n      \"bytes\": 4019,\n      \"sha256\": \"634b49b8dba278ef2c524c4f1283558cca9cf5c2818ebde98f5020733e510945\"\n    },\n    \"docs/index.html\": {\n      \"bytes\": 10185,\n      \"sha256\": \"ca90a2c051ab670b3b8ea3c5b6945bfeb5fbe3e626d627f7cb5d89cd66a7cfde\"\n    },\n    \"docs/learn.html\": {\n      \"bytes\": 21879,\n      \"sha256\": \"19299b1bf2c3f414183b12a6c716d732078d4270d5fadfbefeeedfe27414b649\"\n    },\n    \"formal-verification-status.json\": {\n      \"bytes\": 3672,\n      \"sha256\": \"232d7d6b65448578546bd299c01940a30e25ba2eb782479d66321594df241df3\"\n    },\n    \"papers/ABF-001/STATUS.json\": {\n      \"bytes\": 4719,\n      \"sha256\": \"d1b6583f6ad75b06411cce616a699404cda0ecf79af594286ca2451877272dd7\"\n    },\n    \"papers/HINC-001/STATUS.json\": {\n      \"bytes\": 6326,\n      \"sha256\": \"1b517f0f277492e234cc1355d5ea7458f386451337cf1bd14c525a9741e92815\"\n    },\n    \"reports/publication-gates/ABF-001.json\": {\n      \"bytes\": 4365,\n      \"sha256\": \"d026b9118f6009ffb5ca7429da2d3c78414561de62066bec1cae6ae8ab4abf6f\"\n    },\n    \"reports/publication-gates/HINC-001.json\": {\n      \"bytes\": 4215,\n      \"sha256\": \"53c1d91b466dc3cea70584a81d879a9476e626bd5d5c8313735ec264d554ef33\"\n    },\n    \"research-index.json\": {\n      \"bytes\": 5197,\n      \"sha256\": \"906e83bcfc1af5df5adf7072db89be7a9c9d5852dc11ab76f4503ac2a70a2369\"\n    }\n  },\n  \"findings\": [\n    {\n      \"category\": \"private_reference\",\n      \"level\": \"ERROR\",\n      \"message\": \"non-allowlisted project repository URL\",\n      \"path\": \"docs/learn.html:83\"\n    },\n    {\n      \"category\": \"private_reference\",\n      \"level\": \"ERROR\",\n      \"message\": \"non-allowlisted novakprotocol repository reference\",\n      \"path\": \"docs/learn.html:83\"\n    }\n  ],\n  \"fsg_mathematical_hold_present\": \"yes\",\n  \"full_lean_overclaim\": 0,\n  \"hinc_active_status_present\": \"yes\",\n  \"historical_priority_overclaim\": 0,\n  \"peer_review_overclaim\": 0,\n  \"per_file_state_mismatches\": 0,\n  \"private_detector_literals\": 2,\n  \"private_fsg_references_in_changed_files\": 2,\n  \"result\": \"FAIL\",\n  \"scanned_text_file_count\": 246,\n  \"schema\": \"n.human_ai_mathematics.status_consistency_validation.v3\",\n  \"total_findings\": 2,\n  \"validator_workflow_private_scan_exclusions\": 0\n}\n"
    },
    {
      "actual_exit": 1,
      "changed_file": "FSG_001_PUBLIC_TEACHING_HOLD_2026-07-29.md",
      "command": [
        "python",
        "tools/validate_status_consistency.py",
        "--root",
        "<mutation-repo>",
        "--scan-all"
      ],
      "detected_categories": [
        "private_reference"
      ],
      "detected_finding": "private_reference: FSG_001_PUBLIC_TEACHING_HOLD_2026-07-29.md:71: private-style PR or issue reference",
      "detected_paths": [
        "FSG_001_PUBLIC_TEACHING_HOLD_2026-07-29.md:71"
      ],
      "expected_category": "private_reference",
      "expected_category_present": true,
      "expected_nonzero_exit": true,
      "expected_path": "FSG_001_PUBLIC_TEACHING_HOLD_2026-07-29.md",
      "expected_path_present": true,
      "group": "private_reference",
      "id": "P02",
      "mutation": "Expose private-lab PR shorthand.",
      "result": "PASS",
      "stderr": "",
      "stdout": "{\n  \"abf_active_status_present\": \"yes\",\n  \"acm_hold_present\": \"yes\",\n  \"canonical_state\": {\n    \"ABF-001\": {\n      \"a02_a06_status\": \"incomplete\",\n      \"active_public_review_authorized\": true,\n      \"bounded_formal_scope\": \"bounded_A01_Lean\",\n      \"bounded_phrase\": \"bounded a01 lean\",\n      \"claim_map_complete\": false,\n      \"compiled_bounded_lane\": \"A01\",\n      \"compiled_lane\": \"A01\",\n      \"external_review\": \"pending\",\n      \"external_specialist_review\": \"pending\",\n      \"formal_state\": \"PARTIAL_PASS\",\n      \"full_manuscript_lean_verified\": false,\n      \"historical_priority\": \"not_established\",\n      \"journal_status\": \"not_submitted\",\n      \"limitations_confirmed\": true,\n      \"matrix_public_state\": \"ACTIVE_PUBLIC_CANDIDATE_TECHNICAL_REVIEW\",\n      \"peer_review\": \"not_submitted\",\n      \"portfolio_public_state\": \"ACTIVE_PUBLIC_CANDIDATE_TECHNICAL_REVIEW\",\n      \"public_release_authorized\": true,\n      \"research_historical_priority\": \"unestablished\",\n      \"research_state\": \"active_review\",\n      \"status_formal_state\": \"PARTIAL_PASS_BOUNDED_A01_LEAN_VERIFICATION\"\n    },\n    \"ACM-001\": {\n      \"controlling_manuscript_complete\": false,\n      \"formal_state\": \"HOLD_PENDING_CONSOLIDATION\",\n      \"full_manuscript_lean_verified\": false,\n      \"matrix_public_state\": \"HOLD_PENDING_CONSOLIDATION\",\n      \"portfolio_public_state\": \"HOLD_PENDING_CONSOLIDATION\",\n      \"public_release_authorized\": false,\n      \"research_state\": \"hold\"\n    },\n    \"FSG-001\": {\n      \"formal_state\": \"HOLD_MATHEMATICAL_BLOCKER\",\n      \"full_manuscript_lean_verified\": false,\n      \"mathematical_blocker\": true,\n      \"matrix_public_state\": \"PRIVATE_CANDIDATE_MATHEMATICAL_BLOCKER_HOLD\",\n      \"portfolio_public_state\": \"PRIVATE_CANDIDATE_MATHEMATICAL_BLOCKER_HOLD\",\n      \"private_candidate\": true,\n      \"public_release_authorized\": false,\n      \"public_theorem_package_released\": false,\n      \"research_state\": \"hold\"\n    },\n    \"HINC-001\": {\n      \"active_public_review_authorized\": true,\n      \"bounded_formal_scope\": \"bounded_Lean\",\n      \"bounded_phrase\": \"bounded lean\",\n      \"claim_map_complete\": false,\n      \"external_review\": \"pending\",\n      \"external_specialist_review\": \"pending\",\n      \"formal_state\": \"PARTIAL_PASS\",\n      \"full_manuscript_lean_verified\": false,\n      \"historical_priority\": \"not_established\",\n      \"journal_status\": \"not_submitted\",\n      \"limitations_confirmed\": true,\n      \"matrix_public_state\": \"ACTIVE_PUBLIC_CANDIDATE_TECHNICAL_REVIEW\",\n      \"peer_review\": \"not_submitted\",\n      \"portfolio_public_state\": \"ACTIVE_PUBLIC_CANDIDATE_TECHNICAL_REVIEW\",\n      \"public_release_authorized\": true,\n      \"research_historical_priority\": \"unestablished\",\n      \"research_state\": \"active_review\",\n      \"status_formal_state\": \"PARTIAL_PASS_BOUNDED_LEAN_VERIFICATION\"\n    }\n  },\n  \"conflicting_formal_states\": 0,\n  \"conflicting_publication_states\": 0,\n  \"credential_or_personal_path_findings\": 0,\n  \"error_count\": 1,\n  \"files\": {\n    \"AGENTS.md\": {\n      \"bytes\": 10305,\n      \"sha256\": \"c532aa8267158ba33d1d65aef9202b59ddb94414d96837c410b776b61501c573\"\n    },\n    \"FSG_001_PUBLIC_TEACHING_HOLD_2026-07-29.md\": {\n      \"bytes\": 2801,\n      \"sha256\": \"4c6168ede9725e74084935a81e05d4ea3fc11ed4c08187201455d04db826c281\"\n    },\n    \"FULL_LEAN_RELEASE_STANDARD.md\": {\n      \"bytes\": 3999,\n      \"sha256\": \"3ddb442c892284b0b0692824cbce3c647fe17aebf821c7965100969908c97ec3\"\n    },\n    \"FULL_LEAN_VERIFICATION_PROGRAM.md\": {\n      \"bytes\": 4051,\n      \"sha256\": \"1d116614356c08d642d56f5f54a0e3fec831cac1ef710b77f22a9a4cc0533938\"\n    },\n    \"PAPER_1_3_FULL_LEAN_STATUS.json\": {\n      \"bytes\": 3694,\n      \"sha256\": \"ee4a6165a41302e5761776385ca81caf73049a22fe4f3b2b9277eb982f39dbb1\"\n    },\n    \"PUBLICATION_WORKFLOW.md\": {\n      \"bytes\": 9068,\n      \"sha256\": \"2518ddff119d5fc91e2b1860c9fe1322f8e25febea299f54284d438a3b0d3296\"\n    },\n    \"PUBLIC_REVIEW_FORMALIZATION_HOLD_2026-07-29.md\": {\n      \"bytes\": 3261,\n      \"sha256\": \"01994655a8d35e703ff8a1aa1a6271c968c1b3b69d7724527bcda344a6363a99\"\n    },\n    \"PUBLIC_REVIEW_RELEASE.md\": {\n      \"bytes\": 5703,\n      \"sha256\": \"ae6386c56cb594505d359cbe5d437cea587b15bac7eb7627d58a6ce7958ef193\"\n    },\n    \"README.md\": {\n      \"bytes\": 7978,\n      \"sha256\": \"3420e13cdb58416cf2614c7a65d0b91413988d675843af9b5a828972cd534293\"\n    },\n    \"RESEARCH_INDEX.md\": {\n      \"bytes\": 5412,\n      \"sha256\": \"820cd51fa5bc6dd2a24889ac465e343be5e5e495601dff5d943d136d67fcbd7f\"\n    },\n    \"START_HERE.md\": {\n      \"bytes\": 5506,\n      \"sha256\": \"90daec4ceedcefb282c1217745fec25acf650fc1242dd8a5e00d77c64190df9d\"\n    },\n    \"STATUS.md\": {\n      \"bytes\": 4019,\n      \"sha256\": \"634b49b8dba278ef2c524c4f1283558cca9cf5c2818ebde98f5020733e510945\"\n    },\n    \"docs/index.html\": {\n      \"bytes\": 10185,\n      \"sha256\": \"ca90a2c051ab670b3b8ea3c5b6945bfeb5fbe3e626d627f7cb5d89cd66a7cfde\"\n    },\n    \"docs/learn.html\": {\n      \"bytes\": 21775,\n      \"sha256\": \"458b3f2ab22f77ee07042791213d3040df87c64ab6a1c292933abc289bcf294e\"\n    },\n    \"formal-verification-status.json\": {\n      \"bytes\": 3672,\n      \"sha256\": \"232d7d6b65448578546bd299c01940a30e25ba2eb782479d66321594df241df3\"\n    },\n    \"papers/ABF-001/STATUS.json\": {\n      \"bytes\": 4719,\n      \"sha256\": \"d1b6583f6ad75b06411cce616a699404cda0ecf79af594286ca2451877272dd7\"\n    },\n    \"papers/HINC-001/STATUS.json\": {\n      \"bytes\": 6326,\n      \"sha256\": \"1b517f0f277492e234cc1355d5ea7458f386451337cf1bd14c525a9741e92815\"\n    },\n    \"reports/publication-gates/ABF-001.json\": {\n      \"bytes\": 4365,\n      \"sha256\": \"d026b9118f6009ffb5ca7429da2d3c78414561de62066bec1cae6ae8ab4abf6f\"\n    },\n    \"reports/publication-gates/HINC-001.json\": {\n      \"bytes\": 4215,\n      \"sha256\": \"53c1d91b466dc3cea70584a81d879a9476e626bd5d5c8313735ec264d554ef33\"\n    },\n    \"research-index.json\": {\n      \"bytes\": 5197,\n      \"sha256\": \"906e83bcfc1af5df5adf7072db89be7a9c9d5852dc11ab76f4503ac2a70a2369\"\n    }\n  },\n  \"findings\": [\n    {\n      \"category\": \"private_reference\",\n      \"level\": \"ERROR\",\n      \"message\": \"private-style PR or issue reference\",\n      \"path\": \"FSG_001_PUBLIC_TEACHING_HOLD_2026-07-29.md:71\"\n    }\n  ],\n  \"fsg_mathematical_hold_present\": \"yes\",\n  \"full_lean_overclaim\": 0,\n  \"hinc_active_status_present\": \"yes\",\n  \"historical_priority_overclaim\": 0,\n  \"peer_review_overclaim\": 0,\n  \"per_file_state_mismatches\": 0,\n  \"private_detector_literals\": 1,\n  \"private_fsg_references_in_changed_files\": 1,\n  \"result\": \"FAIL\",\n  \"scanned_text_file_count\": 246,\n  \"schema\": \"n.human_ai_mathematics.status_consistency_validation.v3\",\n  \"total_findings\": 1,\n  \"validator_workflow_private_scan_exclusions\": 0\n}\n"
    },
    {
      "actual_exit": 1,
      "changed_file": "reports/synthetic-private-record.yml",
      "command": [
        "python",
        "tools/validate_status_consistency.py",
        "--root",
        "<mutation-repo>",
        "--scan-all"
      ],
      "detected_categories": [
        "private_reference"
      ],
      "detected_finding": "private_reference: reports/synthetic-private-record.yml:3: private-context exact source hash",
      "detected_paths": [
        "reports/synthetic-private-record.yml:3"
      ],
      "expected_category": "private_reference",
      "expected_category_present": true,
      "expected_nonzero_exit": true,
      "expected_path": "reports/synthetic-private-record.yml",
      "expected_path_present": true,
      "group": "private_reference",
      "id": "P03",
      "mutation": "Expose a multiline private-context hash disclosure.",
      "result": "PASS",
      "stderr": "",
      "stdout": "{\n  \"abf_active_status_present\": \"yes\",\n  \"acm_hold_present\": \"yes\",\n  \"canonical_state\": {\n    \"ABF-001\": {\n      \"a02_a06_status\": \"incomplete\",\n      \"active_public_review_authorized\": true,\n      \"bounded_formal_scope\": \"bounded_A01_Lean\",\n      \"bounded_phrase\": \"bounded a01 lean\",\n      \"claim_map_complete\": false,\n      \"compiled_bounded_lane\": \"A01\",\n      \"compiled_lane\": \"A01\",\n      \"external_review\": \"pending\",\n      \"external_specialist_review\": \"pending\",\n      \"formal_state\": \"PARTIAL_PASS\",\n      \"full_manuscript_lean_verified\": false,\n      \"historical_priority\": \"not_established\",\n      \"journal_status\": \"not_submitted\",\n      \"limitations_confirmed\": true,\n      \"matrix_public_state\": \"ACTIVE_PUBLIC_CANDIDATE_TECHNICAL_REVIEW\",\n      \"peer_review\": \"not_submitted\",\n      \"portfolio_public_state\": \"ACTIVE_PUBLIC_CANDIDATE_TECHNICAL_REVIEW\",\n      \"public_release_authorized\": true,\n      \"research_historical_priority\": \"unestablished\",\n      \"research_state\": \"active_review\",\n      \"status_formal_state\": \"PARTIAL_PASS_BOUNDED_A01_LEAN_VERIFICATION\"\n    },\n    \"ACM-001\": {\n      \"controlling_manuscript_complete\": false,\n      \"formal_state\": \"HOLD_PENDING_CONSOLIDATION\",\n      \"full_manuscript_lean_verified\": false,\n      \"matrix_public_state\": \"HOLD_PENDING_CONSOLIDATION\",\n      \"portfolio_public_state\": \"HOLD_PENDING_CONSOLIDATION\",\n      \"public_release_authorized\": false,\n      \"research_state\": \"hold\"\n    },\n    \"FSG-001\": {\n      \"formal_state\": \"HOLD_MATHEMATICAL_BLOCKER\",\n      \"full_manuscript_lean_verified\": false,\n      \"mathematical_blocker\": true,\n      \"matrix_public_state\": \"PRIVATE_CANDIDATE_MATHEMATICAL_BLOCKER_HOLD\",\n      \"portfolio_public_state\": \"PRIVATE_CANDIDATE_MATHEMATICAL_BLOCKER_HOLD\",\n      \"private_candidate\": true,\n      \"public_release_authorized\": false,\n      \"public_theorem_package_released\": false,\n      \"research_state\": \"hold\"\n    },\n    \"HINC-001\": {\n      \"active_public_review_authorized\": true,\n      \"bounded_formal_scope\": \"bounded_Lean\",\n      \"bounded_phrase\": \"bounded lean\",\n      \"claim_map_complete\": false,\n      \"external_review\": \"pending\",\n      \"external_specialist_review\": \"pending\",\n      \"formal_state\": \"PARTIAL_PASS\",\n      \"full_manuscript_lean_verified\": false,\n      \"historical_priority\": \"not_established\",\n      \"journal_status\": \"not_submitted\",\n      \"limitations_confirmed\": true,\n      \"matrix_public_state\": \"ACTIVE_PUBLIC_CANDIDATE_TECHNICAL_REVIEW\",\n      \"peer_review\": \"not_submitted\",\n      \"portfolio_public_state\": \"ACTIVE_PUBLIC_CANDIDATE_TECHNICAL_REVIEW\",\n      \"public_release_authorized\": true,\n      \"research_historical_priority\": \"unestablished\",\n      \"research_state\": \"active_review\",\n      \"status_formal_state\": \"PARTIAL_PASS_BOUNDED_LEAN_VERIFICATION\"\n    }\n  },\n  \"conflicting_formal_states\": 0,\n  \"conflicting_publication_states\": 0,\n  \"credential_or_personal_path_findings\": 0,\n  \"error_count\": 1,\n  \"files\": {\n    \"AGENTS.md\": {\n      \"bytes\": 10305,\n      \"sha256\": \"c532aa8267158ba33d1d65aef9202b59ddb94414d96837c410b776b61501c573\"\n    },\n    \"FSG_001_PUBLIC_TEACHING_HOLD_2026-07-29.md\": {\n      \"bytes\": 2748,\n      \"sha256\": \"9fd811af87d151b688668c5182f953ce0041fd34dcb1d2c39e3506c07d64c823\"\n    },\n    \"FULL_LEAN_RELEASE_STANDARD.md\": {\n      \"bytes\": 3999,\n      \"sha256\": \"3ddb442c892284b0b0692824cbce3c647fe17aebf821c7965100969908c97ec3\"\n    },\n    \"FULL_LEAN_VERIFICATION_PROGRAM.md\": {\n      \"bytes\": 4051,\n      \"sha256\": \"1d116614356c08d642d56f5f54a0e3fec831cac1ef710b77f22a9a4cc0533938\"\n    },\n    \"PAPER_1_3_FULL_LEAN_STATUS.json\": {\n      \"bytes\": 3694,\n      \"sha256\": \"ee4a6165a41302e5761776385ca81caf73049a22fe4f3b2b9277eb982f39dbb1\"\n    },\n    \"PUBLICATION_WORKFLOW.md\": {\n      \"bytes\": 9068,\n      \"sha256\": \"2518ddff119d5fc91e2b1860c9fe1322f8e25febea299f54284d438a3b0d3296\"\n    },\n    \"PUBLIC_REVIEW_FORMALIZATION_HOLD_2026-07-29.md\": {\n      \"bytes\": 3261,\n      \"sha256\": \"01994655a8d35e703ff8a1aa1a6271c968c1b3b69d7724527bcda344a6363a99\"\n    },\n    \"PUBLIC_REVIEW_RELEASE.md\": {\n      \"bytes\": 5703,\n      \"sha256\": \"ae6386c56cb594505d359cbe5d437cea587b15bac7eb7627d58a6ce7958ef193\"\n    },\n    \"README.md\": {\n      \"bytes\": 7978,\n      \"sha256\": \"3420e13cdb58416cf2614c7a65d0b91413988d675843af9b5a828972cd534293\"\n    },\n    \"RESEARCH_INDEX.md\": {\n      \"bytes\": 5412,\n      \"sha256\": \"820cd51fa5bc6dd2a24889ac465e343be5e5e495601dff5d943d136d67fcbd7f\"\n    },\n    \"START_HERE.md\": {\n      \"bytes\": 5506,\n      \"sha256\": \"90daec4ceedcefb282c1217745fec25acf650fc1242dd8a5e00d77c64190df9d\"\n    },\n    \"STATUS.md\": {\n      \"bytes\": 4019,\n      \"sha256\": \"634b49b8dba278ef2c524c4f1283558cca9cf5c2818ebde98f5020733e510945\"\n    },\n    \"docs/index.html\": {\n      \"bytes\": 10185,\n      \"sha256\": \"ca90a2c051ab670b3b8ea3c5b6945bfeb5fbe3e626d627f7cb5d89cd66a7cfde\"\n    },\n    \"docs/learn.html\": {\n      \"bytes\": 21775,\n      \"sha256\": \"458b3f2ab22f77ee07042791213d3040df87c64ab6a1c292933abc289bcf294e\"\n    },\n    \"formal-verification-status.json\": {\n      \"bytes\": 3672,\n      \"sha256\": \"232d7d6b65448578546bd299c01940a30e25ba2eb782479d66321594df241df3\"\n    },\n    \"papers/ABF-001/STATUS.json\": {\n      \"bytes\": 4719,\n      \"sha256\": \"d1b6583f6ad75b06411cce616a699404cda0ecf79af594286ca2451877272dd7\"\n    },\n    \"papers/HINC-001/STATUS.json\": {\n      \"bytes\": 6326,\n      \"sha256\": \"1b517f0f277492e234cc1355d5ea7458f386451337cf1bd14c525a9741e92815\"\n    },\n    \"reports/publication-gates/ABF-001.json\": {\n      \"bytes\": 4365,\n      \"sha256\": \"d026b9118f6009ffb5ca7429da2d3c78414561de62066bec1cae6ae8ab4abf6f\"\n    },\n    \"reports/publication-gates/HINC-001.json\": {\n      \"bytes\": 4215,\n      \"sha256\": \"53c1d91b466dc3cea70584a81d879a9476e626bd5d5c8313735ec264d554ef33\"\n    },\n    \"research-index.json\": {\n      \"bytes\": 5197,\n      \"sha256\": \"906e83bcfc1af5df5adf7072db89be7a9c9d5852dc11ab76f4503ac2a70a2369\"\n    }\n  },\n  \"findings\": [\n    {\n      \"category\": \"private_reference\",\n      \"level\": \"ERROR\",\n      \"message\": \"private-context exact source hash\",\n      \"path\": \"reports/synthetic-private-record.yml:3\"\n    }\n  ],\n  \"fsg_mathematical_hold_present\": \"yes\",\n  \"full_lean_overclaim\": 0,\n  \"hinc_active_status_present\": \"yes\",\n  \"historical_priority_overclaim\": 0,\n  \"peer_review_overclaim\": 0,\n  \"per_file_state_mismatches\": 0,\n  \"private_detector_literals\": 1,\n  \"private_fsg_references_in_changed_files\": 1,\n  \"result\": \"FAIL\",\n  \"scanned_text_file_count\": 247,\n  \"schema\": \"n.human_ai_mathematics.status_consistency_validation.v3\",\n  \"total_findings\": 1,\n  \"validator_workflow_private_scan_exclusions\": 0\n}\n"
    },
    {
      "actual_exit": 1,
      "changed_file": "tools/synthetic_dynamic_repo.py",
      "command": [
        "python",
        "tools/validate_status_consistency.py",
        "--root",
        "<mutation-repo>",
        "--scan-all"
      ],
      "detected_categories": [
        "private_reference"
      ],
      "detected_finding": "private_reference: tools/synthetic_dynamic_repo.py:1: dynamically constructed nonallowlisted repository URL",
      "detected_paths": [
        "tools/synthetic_dynamic_repo.py:1"
      ],
      "expected_category": "private_reference",
      "expected_category_present": true,
      "expected_nonzero_exit": true,
      "expected_path": "tools/synthetic_dynamic_repo.py",
      "expected_path_present": true,
      "group": "private_reference",
      "id": "P04",
      "mutation": "Expose a dynamically concatenated GitHub repository URL.",
      "result": "PASS",
      "stderr": "",
      "stdout": "{\n  \"abf_active_status_present\": \"yes\",\n  \"acm_hold_present\": \"yes\",\n  \"canonical_state\": {\n    \"ABF-001\": {\n      \"a02_a06_status\": \"incomplete\",\n      \"active_public_review_authorized\": true,\n      \"bounded_formal_scope\": \"bounded_A01_Lean\",\n      \"bounded_phrase\": \"bounded a01 lean\",\n      \"claim_map_complete\": false,\n      \"compiled_bounded_lane\": \"A01\",\n      \"compiled_lane\": \"A01\",\n      \"external_review\": \"pending\",\n      \"external_specialist_review\": \"pending\",\n      \"formal_state\": \"PARTIAL_PASS\",\n      \"full_manuscript_lean_verified\": false,\n      \"historical_priority\": \"not_established\",\n      \"journal_status\": \"not_submitted\",\n      \"limitations_confirmed\": true,\n      \"matrix_public_state\": \"ACTIVE_PUBLIC_CANDIDATE_TECHNICAL_REVIEW\",\n      \"peer_review\": \"not_submitted\",\n      \"portfolio_public_state\": \"ACTIVE_PUBLIC_CANDIDATE_TECHNICAL_REVIEW\",\n      \"public_release_authorized\": true,\n      \"research_historical_priority\": \"unestablished\",\n      \"research_state\": \"active_review\",\n      \"status_formal_state\": \"PARTIAL_PASS_BOUNDED_A01_LEAN_VERIFICATION\"\n    },\n    \"ACM-001\": {\n      \"controlling_manuscript_complete\": false,\n      \"formal_state\": \"HOLD_PENDING_CONSOLIDATION\",\n      \"full_manuscript_lean_verified\": false,\n      \"matrix_public_state\": \"HOLD_PENDING_CONSOLIDATION\",\n      \"portfolio_public_state\": \"HOLD_PENDING_CONSOLIDATION\",\n      \"public_release_authorized\": false,\n      \"research_state\": \"hold\"\n    },\n    \"FSG-001\": {\n      \"formal_state\": \"HOLD_MATHEMATICAL_BLOCKER\",\n      \"full_manuscript_lean_verified\": false,\n      \"mathematical_blocker\": true,\n      \"matrix_public_state\": \"PRIVATE_CANDIDATE_MATHEMATICAL_BLOCKER_HOLD\",\n      \"portfolio_public_state\": \"PRIVATE_CANDIDATE_MATHEMATICAL_BLOCKER_HOLD\",\n      \"private_candidate\": true,\n      \"public_release_authorized\": false,\n      \"public_theorem_package_released\": false,\n      \"research_state\": \"hold\"\n    },\n    \"HINC-001\": {\n      \"active_public_review_authorized\": true,\n      \"bounded_formal_scope\": \"bounded_Lean\",\n      \"bounded_phrase\": \"bounded lean\",\n      \"claim_map_complete\": false,\n      \"external_review\": \"pending\",\n      \"external_specialist_review\": \"pending\",\n      \"formal_state\": \"PARTIAL_PASS\",\n      \"full_manuscript_lean_verified\": false,\n      \"historical_priority\": \"not_established\",\n      \"journal_status\": \"not_submitted\",\n      \"limitations_confirmed\": true,\n      \"matrix_public_state\": \"ACTIVE_PUBLIC_CANDIDATE_TECHNICAL_REVIEW\",\n      \"peer_review\": \"not_submitted\",\n      \"portfolio_public_state\": \"ACTIVE_PUBLIC_CANDIDATE_TECHNICAL_REVIEW\",\n      \"public_release_authorized\": true,\n      \"research_historical_priority\": \"unestablished\",\n      \"research_state\": \"active_review\",\n      \"status_formal_state\": \"PARTIAL_PASS_BOUNDED_LEAN_VERIFICATION\"\n    }\n  },\n  \"conflicting_formal_states\": 0,\n  \"conflicting_publication_states\": 0,\n  \"credential_or_personal_path_findings\": 0,\n  \"error_count\": 1,\n  \"files\": {\n    \"AGENTS.md\": {\n      \"bytes\": 10305,\n      \"sha256\": \"c532aa8267158ba33d1d65aef9202b59ddb94414d96837c410b776b61501c573\"\n    },\n    \"FSG_001_PUBLIC_TEACHING_HOLD_2026-07-29.md\": {\n      \"bytes\": 2748,\n      \"sha256\": \"9fd811af87d151b688668c5182f953ce0041fd34dcb1d2c39e3506c07d64c823\"\n    },\n    \"FULL_LEAN_RELEASE_STANDARD.md\": {\n      \"bytes\": 3999,\n      \"sha256\": \"3ddb442c892284b0b0692824cbce3c647fe17aebf821c7965100969908c97ec3\"\n    },\n    \"FULL_LEAN_VERIFICATION_PROGRAM.md\": {\n      \"bytes\": 4051,\n      \"sha256\": \"1d116614356c08d642d56f5f54a0e3fec831cac1ef710b77f22a9a4cc0533938\"\n    },\n    \"PAPER_1_3_FULL_LEAN_STATUS.json\": {\n      \"bytes\": 3694,\n      \"sha256\": \"ee4a6165a41302e5761776385ca81caf73049a22fe4f3b2b9277eb982f39dbb1\"\n    },\n    \"PUBLICATION_WORKFLOW.md\": {\n      \"bytes\": 9068,\n      \"sha256\": \"2518ddff119d5fc91e2b1860c9fe1322f8e25febea299f54284d438a3b0d3296\"\n    },\n    \"PUBLIC_REVIEW_FORMALIZATION_HOLD_2026-07-29.md\": {\n      \"bytes\": 3261,\n      \"sha256\": \"01994655a8d35e703ff8a1aa1a6271c968c1b3b69d7724527bcda344a6363a99\"\n    },\n    \"PUBLIC_REVIEW_RELEASE.md\": {\n      \"bytes\": 5703,\n      \"sha256\": \"ae6386c56cb594505d359cbe5d437cea587b15bac7eb7627d58a6ce7958ef193\"\n    },\n    \"README.md\": {\n      \"bytes\": 7978,\n      \"sha256\": \"3420e13cdb58416cf2614c7a65d0b91413988d675843af9b5a828972cd534293\"\n    },\n    \"RESEARCH_INDEX.md\": {\n      \"bytes\": 5412,\n      \"sha256\": \"820cd51fa5bc6dd2a24889ac465e343be5e5e495601dff5d943d136d67fcbd7f\"\n    },\n    \"START_HERE.md\": {\n      \"bytes\": 5506,\n      \"sha256\": \"90daec4ceedcefb282c1217745fec25acf650fc1242dd8a5e00d77c64190df9d\"\n    },\n    \"STATUS.md\": {\n      \"bytes\": 4019,\n      \"sha256\": \"634b49b8dba278ef2c524c4f1283558cca9cf5c2818ebde98f5020733e510945\"\n    },\n    \"docs/index.html\": {\n      \"bytes\": 10185,\n      \"sha256\": \"ca90a2c051ab670b3b8ea3c5b6945bfeb5fbe3e626d627f7cb5d89cd66a7cfde\"\n    },\n    \"docs/learn.html\": {\n      \"bytes\": 21775,\n      \"sha256\": \"458b3f2ab22f77ee07042791213d3040df87c64ab6a1c292933abc289bcf294e\"\n    },\n    \"formal-verification-status.json\": {\n      \"bytes\": 3672,\n      \"sha256\": \"232d7d6b65448578546bd299c01940a30e25ba2eb782479d66321594df241df3\"\n    },\n    \"papers/ABF-001/STATUS.json\": {\n      \"bytes\": 4719,\n      \"sha256\": \"d1b6583f6ad75b06411cce616a699404cda0ecf79af594286ca2451877272dd7\"\n    },\n    \"papers/HINC-001/STATUS.json\": {\n      \"bytes\": 6326,\n      \"sha256\": \"1b517f0f277492e234cc1355d5ea7458f386451337cf1bd14c525a9741e92815\"\n    },\n    \"reports/publication-gates/ABF-001.json\": {\n      \"bytes\": 4365,\n      \"sha256\": \"d026b9118f6009ffb5ca7429da2d3c78414561de62066bec1cae6ae8ab4abf6f\"\n    },\n    \"reports/publication-gates/HINC-001.json\": {\n      \"bytes\": 4215,\n      \"sha256\": \"53c1d91b466dc3cea70584a81d879a9476e626bd5d5c8313735ec264d554ef33\"\n    },\n    \"research-index.json\": {\n      \"bytes\": 5197,\n      \"sha256\": \"906e83bcfc1af5df5adf7072db89be7a9c9d5852dc11ab76f4503ac2a70a2369\"\n    }\n  },\n  \"findings\": [\n    {\n      \"category\": \"private_reference\",\n      \"level\": \"ERROR\",\n      \"message\": \"dynamically constructed nonallowlisted repository URL\",\n      \"path\": \"tools/synthetic_dynamic_repo.py:1\"\n    }\n  ],\n  \"fsg_mathematical_hold_present\": \"yes\",\n  \"full_lean_overclaim\": 0,\n  \"hinc_active_status_present\": \"yes\",\n  \"historical_priority_overclaim\": 0,\n  \"peer_review_overclaim\": 0,\n  \"per_file_state_mismatches\": 0,\n  \"private_detector_literals\": 1,\n  \"private_fsg_references_in_changed_files\": 1,\n  \"result\": \"FAIL\",\n  \"scanned_text_file_count\": 247,\n  \"schema\": \"n.human_ai_mathematics.status_consistency_validation.v3\",\n  \"total_findings\": 1,\n  \"validator_workflow_private_scan_exclusions\": 0\n}\n"
    },
    {
      "actual_exit": 1,
      "changed_file": "tools/synthetic_dynamic_pr.py",
      "command": [
        "python",
        "tools/validate_status_consistency.py",
        "--root",
        "<mutation-repo>",
        "--scan-all"
      ],
      "detected_categories": [
        "private_reference"
      ],
      "detected_finding": "private_reference: tools/synthetic_dynamic_pr.py:1: dynamically constructed private-style PR reference",
      "detected_paths": [
        "tools/synthetic_dynamic_pr.py:1"
      ],
      "expected_category": "private_reference",
      "expected_category_present": true,
      "expected_nonzero_exit": true,
      "expected_path": "tools/synthetic_dynamic_pr.py",
      "expected_path_present": true,
      "group": "private_reference",
      "id": "P05",
      "mutation": "Expose a dynamically concatenated private PR reference.",
      "result": "PASS",
      "stderr": "",
      "stdout": "{\n  \"abf_active_status_present\": \"yes\",\n  \"acm_hold_present\": \"yes\",\n  \"canonical_state\": {\n    \"ABF-001\": {\n      \"a02_a06_status\": \"incomplete\",\n      \"active_public_review_authorized\": true,\n      \"bounded_formal_scope\": \"bounded_A01_Lean\",\n      \"bounded_phrase\": \"bounded a01 lean\",\n      \"claim_map_complete\": false,\n      \"compiled_bounded_lane\": \"A01\",\n      \"compiled_lane\": \"A01\",\n      \"external_review\": \"pending\",\n      \"external_specialist_review\": \"pending\",\n      \"formal_state\": \"PARTIAL_PASS\",\n      \"full_manuscript_lean_verified\": false,\n      \"historical_priority\": \"not_established\",\n      \"journal_status\": \"not_submitted\",\n      \"limitations_confirmed\": true,\n      \"matrix_public_state\": \"ACTIVE_PUBLIC_CANDIDATE_TECHNICAL_REVIEW\",\n      \"peer_review\": \"not_submitted\",\n      \"portfolio_public_state\": \"ACTIVE_PUBLIC_CANDIDATE_TECHNICAL_REVIEW\",\n      \"public_release_authorized\": true,\n      \"research_historical_priority\": \"unestablished\",\n      \"research_state\": \"active_review\",\n      \"status_formal_state\": \"PARTIAL_PASS_BOUNDED_A01_LEAN_VERIFICATION\"\n    },\n    \"ACM-001\": {\n      \"controlling_manuscript_complete\": false,\n      \"formal_state\": \"HOLD_PENDING_CONSOLIDATION\",\n      \"full_manuscript_lean_verified\": false,\n      \"matrix_public_state\": \"HOLD_PENDING_CONSOLIDATION\",\n      \"portfolio_public_state\": \"HOLD_PENDING_CONSOLIDATION\",\n      \"public_release_authorized\": false,\n      \"research_state\": \"hold\"\n    },\n    \"FSG-001\": {\n      \"formal_state\": \"HOLD_MATHEMATICAL_BLOCKER\",\n      \"full_manuscript_lean_verified\": false,\n      \"mathematical_blocker\": true,\n      \"matrix_public_state\": \"PRIVATE_CANDIDATE_MATHEMATICAL_BLOCKER_HOLD\",\n      \"portfolio_public_state\": \"PRIVATE_CANDIDATE_MATHEMATICAL_BLOCKER_HOLD\",\n      \"private_candidate\": true,\n      \"public_release_authorized\": false,\n      \"public_theorem_package_released\": false,\n      \"research_state\": \"hold\"\n    },\n    \"HINC-001\": {\n      \"active_public_review_authorized\": true,\n      \"bounded_formal_scope\": \"bounded_Lean\",\n      \"bounded_phrase\": \"bounded lean\",\n      \"claim_map_complete\": false,\n      \"external_review\": \"pending\",\n      \"external_specialist_review\": \"pending\",\n      \"formal_state\": \"PARTIAL_PASS\",\n      \"full_manuscript_lean_verified\": false,\n      \"historical_priority\": \"not_established\",\n      \"journal_status\": \"not_submitted\",\n      \"limitations_confirmed\": true,\n      \"matrix_public_state\": \"ACTIVE_PUBLIC_CANDIDATE_TECHNICAL_REVIEW\",\n      \"peer_review\": \"not_submitted\",\n      \"portfolio_public_state\": \"ACTIVE_PUBLIC_CANDIDATE_TECHNICAL_REVIEW\",\n      \"public_release_authorized\": true,\n      \"research_historical_priority\": \"unestablished\",\n      \"research_state\": \"active_review\",\n      \"status_formal_state\": \"PARTIAL_PASS_BOUNDED_LEAN_VERIFICATION\"\n    }\n  },\n  \"conflicting_formal_states\": 0,\n  \"conflicting_publication_states\": 0,\n  \"credential_or_personal_path_findings\": 0,\n  \"error_count\": 1,\n  \"files\": {\n    \"AGENTS.md\": {\n      \"bytes\": 10305,\n      \"sha256\": \"c532aa8267158ba33d1d65aef9202b59ddb94414d96837c410b776b61501c573\"\n    },\n    \"FSG_001_PUBLIC_TEACHING_HOLD_2026-07-29.md\": {\n      \"bytes\": 2748,\n      \"sha256\": \"9fd811af87d151b688668c5182f953ce0041fd34dcb1d2c39e3506c07d64c823\"\n    },\n    \"FULL_LEAN_RELEASE_STANDARD.md\": {\n      \"bytes\": 3999,\n      \"sha256\": \"3ddb442c892284b0b0692824cbce3c647fe17aebf821c7965100969908c97ec3\"\n    },\n    \"FULL_LEAN_VERIFICATION_PROGRAM.md\": {\n      \"bytes\": 4051,\n      \"sha256\": \"1d116614356c08d642d56f5f54a0e3fec831cac1ef710b77f22a9a4cc0533938\"\n    },\n    \"PAPER_1_3_FULL_LEAN_STATUS.json\": {\n      \"bytes\": 3694,\n      \"sha256\": \"ee4a6165a41302e5761776385ca81caf73049a22fe4f3b2b9277eb982f39dbb1\"\n    },\n    \"PUBLICATION_WORKFLOW.md\": {\n      \"bytes\": 9068,\n      \"sha256\": \"2518ddff119d5fc91e2b1860c9fe1322f8e25febea299f54284d438a3b0d3296\"\n    },\n    \"PUBLIC_REVIEW_FORMALIZATION_HOLD_2026-07-29.md\": {\n      \"bytes\": 3261,\n      \"sha256\": \"01994655a8d35e703ff8a1aa1a6271c968c1b3b69d7724527bcda344a6363a99\"\n    },\n    \"PUBLIC_REVIEW_RELEASE.md\": {\n      \"bytes\": 5703,\n      \"sha256\": \"ae6386c56cb594505d359cbe5d437cea587b15bac7eb7627d58a6ce7958ef193\"\n    },\n    \"README.md\": {\n      \"bytes\": 7978,\n      \"sha256\": \"3420e13cdb58416cf2614c7a65d0b91413988d675843af9b5a828972cd534293\"\n    },\n    \"RESEARCH_INDEX.md\": {\n      \"bytes\": 5412,\n      \"sha256\": \"820cd51fa5bc6dd2a24889ac465e343be5e5e495601dff5d943d136d67fcbd7f\"\n    },\n    \"START_HERE.md\": {\n      \"bytes\": 5506,\n      \"sha256\": \"90daec4ceedcefb282c1217745fec25acf650fc1242dd8a5e00d77c64190df9d\"\n    },\n    \"STATUS.md\": {\n      \"bytes\": 4019,\n      \"sha256\": \"634b49b8dba278ef2c524c4f1283558cca9cf5c2818ebde98f5020733e510945\"\n    },\n    \"docs/index.html\": {\n      \"bytes\": 10185,\n      \"sha256\": \"ca90a2c051ab670b3b8ea3c5b6945bfeb5fbe3e626d627f7cb5d89cd66a7cfde\"\n    },\n    \"docs/learn.html\": {\n      \"bytes\": 21775,\n      \"sha256\": \"458b3f2ab22f77ee07042791213d3040df87c64ab6a1c292933abc289bcf294e\"\n    },\n    \"formal-verification-status.json\": {\n      \"bytes\": 3672,\n      \"sha256\": \"232d7d6b65448578546bd299c01940a30e25ba2eb782479d66321594df241df3\"\n    },\n    \"papers/ABF-001/STATUS.json\": {\n      \"bytes\": 4719,\n      \"sha256\": \"d1b6583f6ad75b06411cce616a699404cda0ecf79af594286ca2451877272dd7\"\n    },\n    \"papers/HINC-001/STATUS.json\": {\n      \"bytes\": 6326,\n      \"sha256\": \"1b517f0f277492e234cc1355d5ea7458f386451337cf1bd14c525a9741e92815\"\n    },\n    \"reports/publication-gates/ABF-001.json\": {\n      \"bytes\": 4365,\n      \"sha256\": \"d026b9118f6009ffb5ca7429da2d3c78414561de62066bec1cae6ae8ab4abf6f\"\n    },\n    \"reports/publication-gates/HINC-001.json\": {\n      \"bytes\": 4215,\n      \"sha256\": \"53c1d91b466dc3cea70584a81d879a9476e626bd5d5c8313735ec264d554ef33\"\n    },\n    \"research-index.json\": {\n      \"bytes\": 5197,\n      \"sha256\": \"906e83bcfc1af5df5adf7072db89be7a9c9d5852dc11ab76f4503ac2a70a2369\"\n    }\n  },\n  \"findings\": [\n    {\n      \"category\": \"private_reference\",\n      \"level\": \"ERROR\",\n      \"message\": \"dynamically constructed private-style PR reference\",\n      \"path\": \"tools/synthetic_dynamic_pr.py:1\"\n    }\n  ],\n  \"fsg_mathematical_hold_present\": \"yes\",\n  \"full_lean_overclaim\": 0,\n  \"hinc_active_status_present\": \"yes\",\n  \"historical_priority_overclaim\": 0,\n  \"peer_review_overclaim\": 0,\n  \"per_file_state_mismatches\": 0,\n  \"private_detector_literals\": 1,\n  \"private_fsg_references_in_changed_files\": 1,\n  \"result\": \"FAIL\",\n  \"scanned_text_file_count\": 247,\n  \"schema\": \"n.human_ai_mathematics.status_consistency_validation.v3\",\n  \"total_findings\": 1,\n  \"validator_workflow_private_scan_exclusions\": 0\n}\n"
    },
    {
      "actual_exit": 1,
      "changed_file": "FSG_001_PUBLIC_TEACHING_HOLD_2026-07-29.md",
      "command": [
        "python",
        "tools/validate_status_consistency.py",
        "--root",
        "<mutation-repo>",
        "--scan-all"
      ],
      "detected_categories": [
        "private_reference"
      ],
      "detected_finding": "private_reference: FSG_001_PUBLIC_TEACHING_HOLD_2026-07-29.md:71: private manuscript/source/evidence/artifact path",
      "detected_paths": [
        "FSG_001_PUBLIC_TEACHING_HOLD_2026-07-29.md:71"
      ],
      "expected_category": "private_reference",
      "expected_category_present": true,
      "expected_nonzero_exit": true,
      "expected_path": "FSG_001_PUBLIC_TEACHING_HOLD_2026-07-29.md",
      "expected_path_present": true,
      "group": "private_reference",
      "id": "P06",
      "mutation": "Expose a synthetic private manuscript path.",
      "result": "PASS",
      "stderr": "",
      "stdout": "{\n  \"abf_active_status_present\": \"yes\",\n  \"acm_hold_present\": \"yes\",\n  \"canonical_state\": {\n    \"ABF-001\": {\n      \"a02_a06_status\": \"incomplete\",\n      \"active_public_review_authorized\": true,\n      \"bounded_formal_scope\": \"bounded_A01_Lean\",\n      \"bounded_phrase\": \"bounded a01 lean\",\n      \"claim_map_complete\": false,\n      \"compiled_bounded_lane\": \"A01\",\n      \"compiled_lane\": \"A01\",\n      \"external_review\": \"pending\",\n      \"external_specialist_review\": \"pending\",\n      \"formal_state\": \"PARTIAL_PASS\",\n      \"full_manuscript_lean_verified\": false,\n      \"historical_priority\": \"not_established\",\n      \"journal_status\": \"not_submitted\",\n      \"limitations_confirmed\": true,\n      \"matrix_public_state\": \"ACTIVE_PUBLIC_CANDIDATE_TECHNICAL_REVIEW\",\n      \"peer_review\": \"not_submitted\",\n      \"portfolio_public_state\": \"ACTIVE_PUBLIC_CANDIDATE_TECHNICAL_REVIEW\",\n      \"public_release_authorized\": true,\n      \"research_historical_priority\": \"unestablished\",\n      \"research_state\": \"active_review\",\n      \"status_formal_state\": \"PARTIAL_PASS_BOUNDED_A01_LEAN_VERIFICATION\"\n    },\n    \"ACM-001\": {\n      \"controlling_manuscript_complete\": false,\n      \"formal_state\": \"HOLD_PENDING_CONSOLIDATION\",\n      \"full_manuscript_lean_verified\": false,\n      \"matrix_public_state\": \"HOLD_PENDING_CONSOLIDATION\",\n      \"portfolio_public_state\": \"HOLD_PENDING_CONSOLIDATION\",\n      \"public_release_authorized\": false,\n      \"research_state\": \"hold\"\n    },\n    \"FSG-001\": {\n      \"formal_state\": \"HOLD_MATHEMATICAL_BLOCKER\",\n      \"full_manuscript_lean_verified\": false,\n      \"mathematical_blocker\": true,\n      \"matrix_public_state\": \"PRIVATE_CANDIDATE_MATHEMATICAL_BLOCKER_HOLD\",\n      \"portfolio_public_state\": \"PRIVATE_CANDIDATE_MATHEMATICAL_BLOCKER_HOLD\",\n      \"private_candidate\": true,\n      \"public_release_authorized\": false,\n      \"public_theorem_package_released\": false,\n      \"research_state\": \"hold\"\n    },\n    \"HINC-001\": {\n      \"active_public_review_authorized\": true,\n      \"bounded_formal_scope\": \"bounded_Lean\",\n      \"bounded_phrase\": \"bounded lean\",\n      \"claim_map_complete\": false,\n      \"external_review\": \"pending\",\n      \"external_specialist_review\": \"pending\",\n      \"formal_state\": \"PARTIAL_PASS\",\n      \"full_manuscript_lean_verified\": false,\n      \"historical_priority\": \"not_established\",\n      \"journal_status\": \"not_submitted\",\n      \"limitations_confirmed\": true,\n      \"matrix_public_state\": \"ACTIVE_PUBLIC_CANDIDATE_TECHNICAL_REVIEW\",\n      \"peer_review\": \"not_submitted\",\n      \"portfolio_public_state\": \"ACTIVE_PUBLIC_CANDIDATE_TECHNICAL_REVIEW\",\n      \"public_release_authorized\": true,\n      \"research_historical_priority\": \"unestablished\",\n      \"research_state\": \"active_review\",\n      \"status_formal_state\": \"PARTIAL_PASS_BOUNDED_LEAN_VERIFICATION\"\n    }\n  },\n  \"conflicting_formal_states\": 0,\n  \"conflicting_publication_states\": 0,\n  \"credential_or_personal_path_findings\": 0,\n  \"error_count\": 1,\n  \"files\": {\n    \"AGENTS.md\": {\n      \"bytes\": 10305,\n      \"sha256\": \"c532aa8267158ba33d1d65aef9202b59ddb94414d96837c410b776b61501c573\"\n    },\n    \"FSG_001_PUBLIC_TEACHING_HOLD_2026-07-29.md\": {\n      \"bytes\": 2809,\n      \"sha256\": \"1520f8df1ace696d27e540506de4ded047c09badd15b03230a70e179cf23bcc2\"\n    },\n    \"FULL_LEAN_RELEASE_STANDARD.md\": {\n      \"bytes\": 3999,\n      \"sha256\": \"3ddb442c892284b0b0692824cbce3c647fe17aebf821c7965100969908c97ec3\"\n    },\n    \"FULL_LEAN_VERIFICATION_PROGRAM.md\": {\n      \"bytes\": 4051,\n      \"sha256\": \"1d116614356c08d642d56f5f54a0e3fec831cac1ef710b77f22a9a4cc0533938\"\n    },\n    \"PAPER_1_3_FULL_LEAN_STATUS.json\": {\n      \"bytes\": 3694,\n      \"sha256\": \"ee4a6165a41302e5761776385ca81caf73049a22fe4f3b2b9277eb982f39dbb1\"\n    },\n    \"PUBLICATION_WORKFLOW.md\": {\n      \"bytes\": 9068,\n      \"sha256\": \"2518ddff119d5fc91e2b1860c9fe1322f8e25febea299f54284d438a3b0d3296\"\n    },\n    \"PUBLIC_REVIEW_FORMALIZATION_HOLD_2026-07-29.md\": {\n      \"bytes\": 3261,\n      \"sha256\": \"01994655a8d35e703ff8a1aa1a6271c968c1b3b69d7724527bcda344a6363a99\"\n    },\n    \"PUBLIC_REVIEW_RELEASE.md\": {\n      \"bytes\": 5703,\n      \"sha256\": \"ae6386c56cb594505d359cbe5d437cea587b15bac7eb7627d58a6ce7958ef193\"\n    },\n    \"README.md\": {\n      \"bytes\": 7978,\n      \"sha256\": \"3420e13cdb58416cf2614c7a65d0b91413988d675843af9b5a828972cd534293\"\n    },\n    \"RESEARCH_INDEX.md\": {\n      \"bytes\": 5412,\n      \"sha256\": \"820cd51fa5bc6dd2a24889ac465e343be5e5e495601dff5d943d136d67fcbd7f\"\n    },\n    \"START_HERE.md\": {\n      \"bytes\": 5506,\n      \"sha256\": \"90daec4ceedcefb282c1217745fec25acf650fc1242dd8a5e00d77c64190df9d\"\n    },\n    \"STATUS.md\": {\n      \"bytes\": 4019,\n      \"sha256\": \"634b49b8dba278ef2c524c4f1283558cca9cf5c2818ebde98f5020733e510945\"\n    },\n    \"docs/index.html\": {\n      \"bytes\": 10185,\n      \"sha256\": \"ca90a2c051ab670b3b8ea3c5b6945bfeb5fbe3e626d627f7cb5d89cd66a7cfde\"\n    },\n    \"docs/learn.html\": {\n      \"bytes\": 21775,\n      \"sha256\": \"458b3f2ab22f77ee07042791213d3040df87c64ab6a1c292933abc289bcf294e\"\n    },\n    \"formal-verification-status.json\": {\n      \"bytes\": 3672,\n      \"sha256\": \"232d7d6b65448578546bd299c01940a30e25ba2eb782479d66321594df241df3\"\n    },\n    \"papers/ABF-001/STATUS.json\": {\n      \"bytes\": 4719,\n      \"sha256\": \"d1b6583f6ad75b06411cce616a699404cda0ecf79af594286ca2451877272dd7\"\n    },\n    \"papers/HINC-001/STATUS.json\": {\n      \"bytes\": 6326,\n      \"sha256\": \"1b517f0f277492e234cc1355d5ea7458f386451337cf1bd14c525a9741e92815\"\n    },\n    \"reports/publication-gates/ABF-001.json\": {\n      \"bytes\": 4365,\n      \"sha256\": \"d026b9118f6009ffb5ca7429da2d3c78414561de62066bec1cae6ae8ab4abf6f\"\n    },\n    \"reports/publication-gates/HINC-001.json\": {\n      \"bytes\": 4215,\n      \"sha256\": \"53c1d91b466dc3cea70584a81d879a9476e626bd5d5c8313735ec264d554ef33\"\n    },\n    \"research-index.json\": {\n      \"bytes\": 5197,\n      \"sha256\": \"906e83bcfc1af5df5adf7072db89be7a9c9d5852dc11ab76f4503ac2a70a2369\"\n    }\n  },\n  \"findings\": [\n    {\n      \"category\": \"private_reference\",\n      \"level\": \"ERROR\",\n      \"message\": \"private manuscript/source/evidence/artifact path\",\n      \"path\": \"FSG_001_PUBLIC_TEACHING_HOLD_2026-07-29.md:71\"\n    }\n  ],\n  \"fsg_mathematical_hold_present\": \"yes\",\n  \"full_lean_overclaim\": 0,\n  \"hinc_active_status_present\": \"yes\",\n  \"historical_priority_overclaim\": 0,\n  \"peer_review_overclaim\": 0,\n  \"per_file_state_mismatches\": 0,\n  \"private_detector_literals\": 1,\n  \"private_fsg_references_in_changed_files\": 1,\n  \"result\": \"FAIL\",\n  \"scanned_text_file_count\": 246,\n  \"schema\": \"n.human_ai_mathematics.status_consistency_validation.v3\",\n  \"total_findings\": 1,\n  \"validator_workflow_private_scan_exclusions\": 0\n}\n"
    },
    {
      "actual_exit": 1,
      "changed_file": "FSG_001_PUBLIC_TEACHING_HOLD_2026-07-29.md",
      "command": [
        "python",
        "tools/validate_status_consistency.py",
        "--root",
        "<mutation-repo>",
        "--scan-all"
      ],
      "detected_categories": [
        "private_reference"
      ],
      "detected_finding": "private_reference: FSG_001_PUBLIC_TEACHING_HOLD_2026-07-29.md:71: private manuscript/source/evidence/artifact path",
      "detected_paths": [
        "FSG_001_PUBLIC_TEACHING_HOLD_2026-07-29.md:71"
      ],
      "expected_category": "private_reference",
      "expected_category_present": true,
      "expected_nonzero_exit": true,
      "expected_path": "FSG_001_PUBLIC_TEACHING_HOLD_2026-07-29.md",
      "expected_path_present": true,
      "group": "private_reference",
      "id": "P07",
      "mutation": "Expose a synthetic private evidence path.",
      "result": "PASS",
      "stderr": "",
      "stdout": "{\n  \"abf_active_status_present\": \"yes\",\n  \"acm_hold_present\": \"yes\",\n  \"canonical_state\": {\n    \"ABF-001\": {\n      \"a02_a06_status\": \"incomplete\",\n      \"active_public_review_authorized\": true,\n      \"bounded_formal_scope\": \"bounded_A01_Lean\",\n      \"bounded_phrase\": \"bounded a01 lean\",\n      \"claim_map_complete\": false,\n      \"compiled_bounded_lane\": \"A01\",\n      \"compiled_lane\": \"A01\",\n      \"external_review\": \"pending\",\n      \"external_specialist_review\": \"pending\",\n      \"formal_state\": \"PARTIAL_PASS\",\n      \"full_manuscript_lean_verified\": false,\n      \"historical_priority\": \"not_established\",\n      \"journal_status\": \"not_submitted\",\n      \"limitations_confirmed\": true,\n      \"matrix_public_state\": \"ACTIVE_PUBLIC_CANDIDATE_TECHNICAL_REVIEW\",\n      \"peer_review\": \"not_submitted\",\n      \"portfolio_public_state\": \"ACTIVE_PUBLIC_CANDIDATE_TECHNICAL_REVIEW\",\n      \"public_release_authorized\": true,\n      \"research_historical_priority\": \"unestablished\",\n      \"research_state\": \"active_review\",\n      \"status_formal_state\": \"PARTIAL_PASS_BOUNDED_A01_LEAN_VERIFICATION\"\n    },\n    \"ACM-001\": {\n      \"controlling_manuscript_complete\": false,\n      \"formal_state\": \"HOLD_PENDING_CONSOLIDATION\",\n      \"full_manuscript_lean_verified\": false,\n      \"matrix_public_state\": \"HOLD_PENDING_CONSOLIDATION\",\n      \"portfolio_public_state\": \"HOLD_PENDING_CONSOLIDATION\",\n      \"public_release_authorized\": false,\n      \"research_state\": \"hold\"\n    },\n    \"FSG-001\": {\n      \"formal_state\": \"HOLD_MATHEMATICAL_BLOCKER\",\n      \"full_manuscript_lean_verified\": false,\n      \"mathematical_blocker\": true,\n      \"matrix_public_state\": \"PRIVATE_CANDIDATE_MATHEMATICAL_BLOCKER_HOLD\",\n      \"portfolio_public_state\": \"PRIVATE_CANDIDATE_MATHEMATICAL_BLOCKER_HOLD\",\n      \"private_candidate\": true,\n      \"public_release_authorized\": false,\n      \"public_theorem_package_released\": false,\n      \"research_state\": \"hold\"\n    },\n    \"HINC-001\": {\n      \"active_public_review_authorized\": true,\n      \"bounded_formal_scope\": \"bounded_Lean\",\n      \"bounded_phrase\": \"bounded lean\",\n      \"claim_map_complete\": false,\n      \"external_review\": \"pending\",\n      \"external_specialist_review\": \"pending\",\n      \"formal_state\": \"PARTIAL_PASS\",\n      \"full_manuscript_lean_verified\": false,\n      \"historical_priority\": \"not_established\",\n      \"journal_status\": \"not_submitted\",\n      \"limitations_confirmed\": true,\n      \"matrix_public_state\": \"ACTIVE_PUBLIC_CANDIDATE_TECHNICAL_REVIEW\",\n      \"peer_review\": \"not_submitted\",\n      \"portfolio_public_state\": \"ACTIVE_PUBLIC_CANDIDATE_TECHNICAL_REVIEW\",\n      \"public_release_authorized\": true,\n      \"research_historical_priority\": \"unestablished\",\n      \"research_state\": \"active_review\",\n      \"status_formal_state\": \"PARTIAL_PASS_BOUNDED_LEAN_VERIFICATION\"\n    }\n  },\n  \"conflicting_formal_states\": 0,\n  \"conflicting_publication_states\": 0,\n  \"credential_or_personal_path_findings\": 0,\n  \"error_count\": 1,\n  \"files\": {\n    \"AGENTS.md\": {\n      \"bytes\": 10305,\n      \"sha256\": \"c532aa8267158ba33d1d65aef9202b59ddb94414d96837c410b776b61501c573\"\n    },\n    \"FSG_001_PUBLIC_TEACHING_HOLD_2026-07-29.md\": {\n      \"bytes\": 2806,\n      \"sha256\": \"799317c6edfdbc72fdc48454679848f19b05e71c755da0ad0f59ea7f3b6c0d9d\"\n    },\n    \"FULL_LEAN_RELEASE_STANDARD.md\": {\n      \"bytes\": 3999,\n      \"sha256\": \"3ddb442c892284b0b0692824cbce3c647fe17aebf821c7965100969908c97ec3\"\n    },\n    \"FULL_LEAN_VERIFICATION_PROGRAM.md\": {\n      \"bytes\": 4051,\n      \"sha256\": \"1d116614356c08d642d56f5f54a0e3fec831cac1ef710b77f22a9a4cc0533938\"\n    },\n    \"PAPER_1_3_FULL_LEAN_STATUS.json\": {\n      \"bytes\": 3694,\n      \"sha256\": \"ee4a6165a41302e5761776385ca81caf73049a22fe4f3b2b9277eb982f39dbb1\"\n    },\n    \"PUBLICATION_WORKFLOW.md\": {\n      \"bytes\": 9068,\n      \"sha256\": \"2518ddff119d5fc91e2b1860c9fe1322f8e25febea299f54284d438a3b0d3296\"\n    },\n    \"PUBLIC_REVIEW_FORMALIZATION_HOLD_2026-07-29.md\": {\n      \"bytes\": 3261,\n      \"sha256\": \"01994655a8d35e703ff8a1aa1a6271c968c1b3b69d7724527bcda344a6363a99\"\n    },\n    \"PUBLIC_REVIEW_RELEASE.md\": {\n      \"bytes\": 5703,\n      \"sha256\": \"ae6386c56cb594505d359cbe5d437cea587b15bac7eb7627d58a6ce7958ef193\"\n    },\n    \"README.md\": {\n      \"bytes\": 7978,\n      \"sha256\": \"3420e13cdb58416cf2614c7a65d0b91413988d675843af9b5a828972cd534293\"\n    },\n    \"RESEARCH_INDEX.md\": {\n      \"bytes\": 5412,\n      \"sha256\": \"820cd51fa5bc6dd2a24889ac465e343be5e5e495601dff5d943d136d67fcbd7f\"\n    },\n    \"START_HERE.md\": {\n      \"bytes\": 5506,\n      \"sha256\": \"90daec4ceedcefb282c1217745fec25acf650fc1242dd8a5e00d77c64190df9d\"\n    },\n    \"STATUS.md\": {\n      \"bytes\": 4019,\n      \"sha256\": \"634b49b8dba278ef2c524c4f1283558cca9cf5c2818ebde98f5020733e510945\"\n    },\n    \"docs/index.html\": {\n      \"bytes\": 10185,\n      \"sha256\": \"ca90a2c051ab670b3b8ea3c5b6945bfeb5fbe3e626d627f7cb5d89cd66a7cfde\"\n    },\n    \"docs/learn.html\": {\n      \"bytes\": 21775,\n      \"sha256\": \"458b3f2ab22f77ee07042791213d3040df87c64ab6a1c292933abc289bcf294e\"\n    },\n    \"formal-verification-status.json\": {\n      \"bytes\": 3672,\n      \"sha256\": \"232d7d6b65448578546bd299c01940a30e25ba2eb782479d66321594df241df3\"\n    },\n    \"papers/ABF-001/STATUS.json\": {\n      \"bytes\": 4719,\n      \"sha256\": \"d1b6583f6ad75b06411cce616a699404cda0ecf79af594286ca2451877272dd7\"\n    },\n    \"papers/HINC-001/STATUS.json\": {\n      \"bytes\": 6326,\n      \"sha256\": \"1b517f0f277492e234cc1355d5ea7458f386451337cf1bd14c525a9741e92815\"\n    },\n    \"reports/publication-gates/ABF-001.json\": {\n      \"bytes\": 4365,\n      \"sha256\": \"d026b9118f6009ffb5ca7429da2d3c78414561de62066bec1cae6ae8ab4abf6f\"\n    },\n    \"reports/publication-gates/HINC-001.json\": {\n      \"bytes\": 4215,\n      \"sha256\": \"53c1d91b466dc3cea70584a81d879a9476e626bd5d5c8313735ec264d554ef33\"\n    },\n    \"research-index.json\": {\n      \"bytes\": 5197,\n      \"sha256\": \"906e83bcfc1af5df5adf7072db89be7a9c9d5852dc11ab76f4503ac2a70a2369\"\n    }\n  },\n  \"findings\": [\n    {\n      \"category\": \"private_reference\",\n      \"level\": \"ERROR\",\n      \"message\": \"private manuscript/source/evidence/artifact path\",\n      \"path\": \"FSG_001_PUBLIC_TEACHING_HOLD_2026-07-29.md:71\"\n    }\n  ],\n  \"fsg_mathematical_hold_present\": \"yes\",\n  \"full_lean_overclaim\": 0,\n  \"hinc_active_status_present\": \"yes\",\n  \"historical_priority_overclaim\": 0,\n  \"peer_review_overclaim\": 0,\n  \"per_file_state_mismatches\": 0,\n  \"private_detector_literals\": 1,\n  \"private_fsg_references_in_changed_files\": 1,\n  \"result\": \"FAIL\",\n  \"scanned_text_file_count\": 246,\n  \"schema\": \"n.human_ai_mathematics.status_consistency_validation.v3\",\n  \"total_findings\": 1,\n  \"validator_workflow_private_scan_exclusions\": 0\n}\n"
    },
    {
      "actual_exit": 1,
      "changed_file": "FSG_001_PUBLIC_TEACHING_HOLD_2026-07-29.md",
      "command": [
        "python",
        "tools/validate_status_consistency.py",
        "--root",
        "<mutation-repo>",
        "--scan-all"
      ],
      "detected_categories": [
        "private_reference"
      ],
      "detected_finding": "private_reference: FSG_001_PUBLIC_TEACHING_HOLD_2026-07-29.md:71: private manuscript/source/evidence/artifact path",
      "detected_paths": [
        "FSG_001_PUBLIC_TEACHING_HOLD_2026-07-29.md:71"
      ],
      "expected_category": "private_reference",
      "expected_category_present": true,
      "expected_nonzero_exit": true,
      "expected_path": "FSG_001_PUBLIC_TEACHING_HOLD_2026-07-29.md",
      "expected_path_present": true,
      "group": "private_reference",
      "id": "P08",
      "mutation": "Expose a synthetic private artifact path.",
      "result": "PASS",
      "stderr": "",
      "stdout": "{\n  \"abf_active_status_present\": \"yes\",\n  \"acm_hold_present\": \"yes\",\n  \"canonical_state\": {\n    \"ABF-001\": {\n      \"a02_a06_status\": \"incomplete\",\n      \"active_public_review_authorized\": true,\n      \"bounded_formal_scope\": \"bounded_A01_Lean\",\n      \"bounded_phrase\": \"bounded a01 lean\",\n      \"claim_map_complete\": false,\n      \"compiled_bounded_lane\": \"A01\",\n      \"compiled_lane\": \"A01\",\n      \"external_review\": \"pending\",\n      \"external_specialist_review\": \"pending\",\n      \"formal_state\": \"PARTIAL_PASS\",\n      \"full_manuscript_lean_verified\": false,\n      \"historical_priority\": \"not_established\",\n      \"journal_status\": \"not_submitted\",\n      \"limitations_confirmed\": true,\n      \"matrix_public_state\": \"ACTIVE_PUBLIC_CANDIDATE_TECHNICAL_REVIEW\",\n      \"peer_review\": \"not_submitted\",\n      \"portfolio_public_state\": \"ACTIVE_PUBLIC_CANDIDATE_TECHNICAL_REVIEW\",\n      \"public_release_authorized\": true,\n      \"research_historical_priority\": \"unestablished\",\n      \"research_state\": \"active_review\",\n      \"status_formal_state\": \"PARTIAL_PASS_BOUNDED_A01_LEAN_VERIFICATION\"\n    },\n    \"ACM-001\": {\n      \"controlling_manuscript_complete\": false,\n      \"formal_state\": \"HOLD_PENDING_CONSOLIDATION\",\n      \"full_manuscript_lean_verified\": false,\n      \"matrix_public_state\": \"HOLD_PENDING_CONSOLIDATION\",\n      \"portfolio_public_state\": \"HOLD_PENDING_CONSOLIDATION\",\n      \"public_release_authorized\": false,\n      \"research_state\": \"hold\"\n    },\n    \"FSG-001\": {\n      \"formal_state\": \"HOLD_MATHEMATICAL_BLOCKER\",\n      \"full_manuscript_lean_verified\": false,\n      \"mathematical_blocker\": true,\n      \"matrix_public_state\": \"PRIVATE_CANDIDATE_MATHEMATICAL_BLOCKER_HOLD\",\n      \"portfolio_public_state\": \"PRIVATE_CANDIDATE_MATHEMATICAL_BLOCKER_HOLD\",\n      \"private_candidate\": true,\n      \"public_release_authorized\": false,\n      \"public_theorem_package_released\": false,\n      \"research_state\": \"hold\"\n    },\n    \"HINC-001\": {\n      \"active_public_review_authorized\": true,\n      \"bounded_formal_scope\": \"bounded_Lean\",\n      \"bounded_phrase\": \"bounded lean\",\n      \"claim_map_complete\": false,\n      \"external_review\": \"pending\",\n      \"external_specialist_review\": \"pending\",\n      \"formal_state\": \"PARTIAL_PASS\",\n      \"full_manuscript_lean_verified\": false,\n      \"historical_priority\": \"not_established\",\n      \"journal_status\": \"not_submitted\",\n      \"limitations_confirmed\": true,\n      \"matrix_public_state\": \"ACTIVE_PUBLIC_CANDIDATE_TECHNICAL_REVIEW\",\n      \"peer_review\": \"not_submitted\",\n      \"portfolio_public_state\": \"ACTIVE_PUBLIC_CANDIDATE_TECHNICAL_REVIEW\",\n      \"public_release_authorized\": true,\n      \"research_historical_priority\": \"unestablished\",\n      \"research_state\": \"active_review\",\n      \"status_formal_state\": \"PARTIAL_PASS_BOUNDED_LEAN_VERIFICATION\"\n    }\n  },\n  \"conflicting_formal_states\": 0,\n  \"conflicting_publication_states\": 0,\n  \"credential_or_personal_path_findings\": 0,\n  \"error_count\": 1,\n  \"files\": {\n    \"AGENTS.md\": {\n      \"bytes\": 10305,\n      \"sha256\": \"c532aa8267158ba33d1d65aef9202b59ddb94414d96837c410b776b61501c573\"\n    },\n    \"FSG_001_PUBLIC_TEACHING_HOLD_2026-07-29.md\": {\n      \"bytes\": 2806,\n      \"sha256\": \"2254660777eb5cefa26806efdd7bbf5d9f84677d4867f5df936e1b1fd8073632\"\n    },\n    \"FULL_LEAN_RELEASE_STANDARD.md\": {\n      \"bytes\": 3999,\n      \"sha256\": \"3ddb442c892284b0b0692824cbce3c647fe17aebf821c7965100969908c97ec3\"\n    },\n    \"FULL_LEAN_VERIFICATION_PROGRAM.md\": {\n      \"bytes\": 4051,\n      \"sha256\": \"1d116614356c08d642d56f5f54a0e3fec831cac1ef710b77f22a9a4cc0533938\"\n    },\n    \"PAPER_1_3_FULL_LEAN_STATUS.json\": {\n      \"bytes\": 3694,\n      \"sha256\": \"ee4a6165a41302e5761776385ca81caf73049a22fe4f3b2b9277eb982f39dbb1\"\n    },\n    \"PUBLICATION_WORKFLOW.md\": {\n      \"bytes\": 9068,\n      \"sha256\": \"2518ddff119d5fc91e2b1860c9fe1322f8e25febea299f54284d438a3b0d3296\"\n    },\n    \"PUBLIC_REVIEW_FORMALIZATION_HOLD_2026-07-29.md\": {\n      \"bytes\": 3261,\n      \"sha256\": \"01994655a8d35e703ff8a1aa1a6271c968c1b3b69d7724527bcda344a6363a99\"\n    },\n    \"PUBLIC_REVIEW_RELEASE.md\": {\n      \"bytes\": 5703,\n      \"sha256\": \"ae6386c56cb594505d359cbe5d437cea587b15bac7eb7627d58a6ce7958ef193\"\n    },\n    \"README.md\": {\n      \"bytes\": 7978,\n      \"sha256\": \"3420e13cdb58416cf2614c7a65d0b91413988d675843af9b5a828972cd534293\"\n    },\n    \"RESEARCH_INDEX.md\": {\n      \"bytes\": 5412,\n      \"sha256\": \"820cd51fa5bc6dd2a24889ac465e343be5e5e495601dff5d943d136d67fcbd7f\"\n    },\n    \"START_HERE.md\": {\n      \"bytes\": 5506,\n      \"sha256\": \"90daec4ceedcefb282c1217745fec25acf650fc1242dd8a5e00d77c64190df9d\"\n    },\n    \"STATUS.md\": {\n      \"bytes\": 4019,\n      \"sha256\": \"634b49b8dba278ef2c524c4f1283558cca9cf5c2818ebde98f5020733e510945\"\n    },\n    \"docs/index.html\": {\n      \"bytes\": 10185,\n      \"sha256\": \"ca90a2c051ab670b3b8ea3c5b6945bfeb5fbe3e626d627f7cb5d89cd66a7cfde\"\n    },\n    \"docs/learn.html\": {\n      \"bytes\": 21775,\n      \"sha256\": \"458b3f2ab22f77ee07042791213d3040df87c64ab6a1c292933abc289bcf294e\"\n    },\n    \"formal-verification-status.json\": {\n      \"bytes\": 3672,\n      \"sha256\": \"232d7d6b65448578546bd299c01940a30e25ba2eb782479d66321594df241df3\"\n    },\n    \"papers/ABF-001/STATUS.json\": {\n      \"bytes\": 4719,\n      \"sha256\": \"d1b6583f6ad75b06411cce616a699404cda0ecf79af594286ca2451877272dd7\"\n    },\n    \"papers/HINC-001/STATUS.json\": {\n      \"bytes\": 6326,\n      \"sha256\": \"1b517f0f277492e234cc1355d5ea7458f386451337cf1bd14c525a9741e92815\"\n    },\n    \"reports/publication-gates/ABF-001.json\": {\n      \"bytes\": 4365,\n      \"sha256\": \"d026b9118f6009ffb5ca7429da2d3c78414561de62066bec1cae6ae8ab4abf6f\"\n    },\n    \"reports/publication-gates/HINC-001.json\": {\n      \"bytes\": 4215,\n      \"sha256\": \"53c1d91b466dc3cea70584a81d879a9476e626bd5d5c8313735ec264d554ef33\"\n    },\n    \"research-index.json\": {\n      \"bytes\": 5197,\n      \"sha256\": \"906e83bcfc1af5df5adf7072db89be7a9c9d5852dc11ab76f4503ac2a70a2369\"\n    }\n  },\n  \"findings\": [\n    {\n      \"category\": \"private_reference\",\n      \"level\": \"ERROR\",\n      \"message\": \"private manuscript/source/evidence/artifact path\",\n      \"path\": \"FSG_001_PUBLIC_TEACHING_HOLD_2026-07-29.md:71\"\n    }\n  ],\n  \"fsg_mathematical_hold_present\": \"yes\",\n  \"full_lean_overclaim\": 0,\n  \"hinc_active_status_present\": \"yes\",\n  \"historical_priority_overclaim\": 0,\n  \"peer_review_overclaim\": 0,\n  \"per_file_state_mismatches\": 0,\n  \"private_detector_literals\": 1,\n  \"private_fsg_references_in_changed_files\": 1,\n  \"result\": \"FAIL\",\n  \"scanned_text_file_count\": 246,\n  \"schema\": \"n.human_ai_mathematics.status_consistency_validation.v3\",\n  \"total_findings\": 1,\n  \"validator_workflow_private_scan_exclusions\": 0\n}\n"
    }
  ],
  "result": "PASS",
  "schema": "n.human_ai_mathematics.public_status_mutation_tests.v2",
  "status_mutation_count": 14,
  "status_mutations_passed": 14,
  "worktree_unchanged": true
}
stderr:


[07-internal-link-negative] PASS exit=0
description: Four internal-link negative controls
working_directory: C:\tmp\nhaim-public-status-v4-exact-head-v2-worktree-019fb0f6-final
command:
  python -B tools/test_internal_link_negative_control.py --root . --output 'C:\tmp\nhaim-public-status-v4-evidence-v2-output-019fb0f6-final\internal-link-negative-control.json'
stdout:
{
  "baseline": {
    "command": [
      "python",
      "tools/validate_internal_links.py",
      "--root",
      "<internal-link-baseline-repo>"
    ],
    "exit": 0,
    "result": "PASS",
    "stderr": "",
    "stdout": "{\n  \"error_count\": 0,\n  \"findings\": [],\n  \"html_files\": [\n    \"docs/index.html\",\n    \"docs/learn.html\"\n  ],\n  \"result\": \"PASS\",\n  \"schema\": \"n.human_ai_mathematics.internal_link_validation.v1\"\n}\n"
  },
  "control_count": 4,
  "expected_category_checks_passed": 4,
  "expected_path_checks_passed": 4,
  "failed": 0,
  "passed": 4,
  "records": [
    {
      "actual_exit": 1,
      "changed_file": "docs/index.html",
      "command": [
        "python",
        "tools/validate_internal_links.py",
        "--root",
        "<internal-link-mutation-repo>"
      ],
      "control_id": "INTERNAL_LINK_NEG_01",
      "expected_category": "missing local href target",
      "expected_category_present": true,
      "expected_nonzero_exit": true,
      "expected_path": "docs/index.html",
      "expected_path_present": true,
      "mutation": "Add a local link to a missing synthetic file.",
      "result": "PASS",
      "stderr": "",
      "stdout": "{\n  \"error_count\": 1,\n  \"findings\": [\n    {\n      \"level\": \"ERROR\",\n      \"message\": \"missing local href target: missing-synthetic.html\",\n      \"path\": \"docs/index.html\"\n    }\n  ],\n  \"html_files\": [\n    \"docs/index.html\",\n    \"docs/learn.html\"\n  ],\n  \"result\": \"FAIL\",\n  \"schema\": \"n.human_ai_mathematics.internal_link_validation.v1\"\n}\n"
    },
    {
      "actual_exit": 1,
      "changed_file": "docs/index.html",
      "command": [
        "python",
        "tools/validate_internal_links.py",
        "--root",
        "<internal-link-mutation-repo>"
      ],
      "control_id": "INTERNAL_LINK_NEG_02",
      "expected_category": "missing fragment",
      "expected_category_present": true,
      "expected_nonzero_exit": true,
      "expected_path": "docs/index.html",
      "expected_path_present": true,
      "mutation": "Add a local link to a missing synthetic fragment in docs/learn.html.",
      "result": "PASS",
      "stderr": "",
      "stdout": "{\n  \"error_count\": 1,\n  \"findings\": [\n    {\n      \"level\": \"ERROR\",\n      \"message\": \"missing fragment #missing-fragment-synthetic in docs/learn.html\",\n      \"path\": \"docs/index.html\"\n    }\n  ],\n  \"html_files\": [\n    \"docs/index.html\",\n    \"docs/learn.html\"\n  ],\n  \"result\": \"FAIL\",\n  \"schema\": \"n.human_ai_mathematics.internal_link_validation.v1\"\n}\n"
    },
    {
      "actual_exit": 1,
      "changed_file": "docs/index.html",
      "command": [
        "python",
        "tools/validate_internal_links.py",
        "--root",
        "<internal-link-mutation-repo>"
      ],
      "control_id": "INTERNAL_LINK_NEG_03",
      "expected_category": "unsafe traversal",
      "expected_category_present": true,
      "expected_nonzero_exit": true,
      "expected_path": "docs/index.html",
      "expected_path_present": true,
      "mutation": "Add an unsafe parent-directory traversal link.",
      "result": "PASS",
      "stderr": "",
      "stdout": "{\n  \"error_count\": 1,\n  \"findings\": [\n    {\n      \"level\": \"ERROR\",\n      \"message\": \"unsafe traversal in href '../../private-synthetic.html'\",\n      \"path\": \"docs/index.html\"\n    }\n  ],\n  \"html_files\": [\n    \"docs/index.html\",\n    \"docs/learn.html\"\n  ],\n  \"result\": \"FAIL\",\n  \"schema\": \"n.human_ai_mathematics.internal_link_validation.v1\"\n}\n"
    },
    {
      "actual_exit": 1,
      "changed_file": "docs/learn.html",
      "command": [
        "python",
        "tools/validate_internal_links.py",
        "--root",
        "<internal-link-mutation-repo>"
      ],
      "control_id": "INTERNAL_LINK_NEG_04",
      "expected_category": "duplicate id",
      "expected_category_present": true,
      "expected_nonzero_exit": true,
      "expected_path": "docs/learn.html",
      "expected_path_present": true,
      "mutation": "Duplicate an existing HTML id in docs/learn.html.",
      "result": "PASS",
      "stderr": "",
      "stdout": "{\n  \"error_count\": 1,\n  \"findings\": [\n    {\n      \"level\": \"ERROR\",\n      \"message\": \"duplicate id: main\",\n      \"path\": \"docs/learn.html\"\n    }\n  ],\n  \"html_files\": [\n    \"docs/index.html\",\n    \"docs/learn.html\"\n  ],\n  \"result\": \"FAIL\",\n  \"schema\": \"n.human_ai_mathematics.internal_link_validation.v1\"\n}\n"
    }
  ],
  "result": "PASS",
  "schema": "n.human_ai_mathematics.internal_link_negative_control.v2",
  "worktree_unchanged": true
}
stderr:


[08-public-surface-scan] PASS exit=0
description: Public-surface private-reference, credential, and personal-path scan
working_directory: C:\tmp\nhaim-public-status-v4-exact-head-v2-worktree-019fb0f6-final
command:
  python -B tools/validate_public_surface_scan.py --root . --output 'C:\tmp\nhaim-public-status-v4-evidence-v2-output-019fb0f6-final\public-surface-scan.json'
stdout:
{
  "credential_pattern_findings": 0,
  "findings": [],
  "personal_path_findings": 0,
  "private_branch_path_findings": 0,
  "private_detector_literals": 0,
  "private_reference_findings": 0,
  "records": [
    {
      "file": ".github/ISSUE_TEMPLATE/counterexample.yml",
      "finding_count": 0
    },
    {
      "file": ".github/ISSUE_TEMPLATE/prior-art.yml",
      "finding_count": 0
    },
    {
      "file": ".github/ISSUE_TEMPLATE/proof-gap.yml",
      "finding_count": 0
    },
    {
      "file": ".github/ISSUE_TEMPLATE/reproduction.yml",
      "finding_count": 0
    },
    {
      "file": ".github/pull_request_template.md",
      "finding_count": 0
    },
    {
      "file": ".github/workflows/diagnose-abf-release-run.yml",
      "finding_count": 0
    },
    {
      "file": ".github/workflows/pages.yml",
      "finding_count": 0
    },
    {
      "file": ".github/workflows/patch-abf-release-env.yml",
      "finding_count": 0
    },
    {
      "file": ".github/workflows/release-abf-001-object-api.yml",
      "finding_count": 0
    },
    {
      "file": ".github/workflows/release-abf-001-object-tree.yml",
      "finding_count": 0
    },
    {
      "file": ".github/workflows/release-abf-001.yml",
      "finding_count": 0
    },
    {
      "file": ".github/workflows/validate-abf-lean.yml",
      "finding_count": 0
    },
    {
      "file": ".github/workflows/validate-full-lean-portfolio.yml",
      "finding_count": 0
    },
    {
      "file": ".github/workflows/validate-learning-page.yml",
      "finding_count": 0
    },
    {
      "file": ".github/workflows/validate-status-consistency.yml",
      "finding_count": 0
    },
    {
      "file": ".github/workflows/validate.yml",
      "finding_count": 0
    },
    {
      "file": "AGENTS.md",
      "finding_count": 0
    },
    {
      "file": "BOOTSTRAP_CORRECTIONS.md",
      "finding_count": 0
    },
    {
      "file": "BOOTSTRAP_RECEIPT.json",
      "finding_count": 0
    },
    {
      "file": "BOOTSTRAP_WINDOWS.md",
      "finding_count": 0
    },
    {
      "file": "CITATION.cff",
      "finding_count": 0
    },
    {
      "file": "CLAIM_LEVELS.md",
      "finding_count": 0
    },
    {
      "file": "CONTRIBUTING.md",
      "finding_count": 0
    },
    {
      "file": "CORRECTIONS.md",
      "finding_count": 0
    },
    {
      "file": "docs/404.html",
      "finding_count": 0
    },
    {
      "file": "docs/index.html",
      "finding_count": 0
    },
    {
      "file": "docs/learn.html",
      "finding_count": 0
    },
    {
      "file": "docs/PUBLIC_SITE_ACTIVATION_2026-07-27.md",
      "finding_count": 0
    },
    {
      "file": "docs/styles.css",
      "finding_count": 0
    },
    {
      "file": "EVIDENCE_STANDARD.md",
      "finding_count": 0
    },
    {
      "file": "FINAL_PUBLIC_SWITCH.md",
      "finding_count": 0
    },
    {
      "file": "FINAL_PUBLIC_SWITCH_KIT.md",
      "finding_count": 0
    },
    {
      "file": "formal-verification-status.json",
      "finding_count": 0
    },
    {
      "file": "FSG_001_PUBLIC_TEACHING_HOLD_2026-07-29.md",
      "finding_count": 0
    },
    {
      "file": "FULL_LEAN_RELEASE_STANDARD.md",
      "finding_count": 0
    },
    {
      "file": "FULL_LEAN_VERIFICATION_PROGRAM.md",
      "finding_count": 0
    },
    {
      "file": "HUMAN_AI_COLLABORATION_RECORD.md",
      "finding_count": 0
    },
    {
      "file": "HUMAN_AI_MATHEMATICS_PRIOR_ART.md",
      "finding_count": 0
    },
    {
      "file": "OPEN_REVIEW_CHALLENGE.md",
      "finding_count": 0
    },
    {
      "file": "PAPER_1_3_FULL_LEAN_STATUS.json",
      "finding_count": 0
    },
    {
      "file": "papers/ABF-001/ABF-001_INTEGRATION_PR.md",
      "finding_count": 0
    },
    {
      "file": "papers/ABF-001/ABF-001_RELEASE_CANDIDATE.json",
      "finding_count": 0
    },
    {
      "file": "papers/ABF-001/ABF-001_RELEASE_NOTES.md",
      "finding_count": 0
    },
    {
      "file": "papers/ABF-001/AI_DISCLOSURE.md",
      "finding_count": 0
    },
    {
      "file": "papers/ABF-001/CITATION.cff",
      "finding_count": 0
    },
    {
      "file": "papers/ABF-001/CLAIMS.md",
      "finding_count": 0
    },
    {
      "file": "papers/ABF-001/CODE_TERMS.md",
      "finding_count": 0
    },
    {
      "file": "papers/ABF-001/DATA_AND_EVIDENCE_TERMS.md",
      "finding_count": 0
    },
    {
      "file": "papers/ABF-001/evidence/generated-final/abf001-verifier.json",
      "finding_count": 0
    },
    {
      "file": "papers/ABF-001/evidence/historical/local-proof-v32.json",
      "finding_count": 0
    },
    {
      "file": "papers/ABF-001/evidence/historical/V30_REVIEW_RECORD.md",
      "finding_count": 0
    },
    {
      "file": "papers/ABF-001/evidence/historical/V30_SOURCE_RECORD.md",
      "finding_count": 0
    },
    {
      "file": "papers/ABF-001/evidence/historical/V32_REVIEW_RECORD.md",
      "finding_count": 0
    },
    {
      "file": "papers/ABF-001/evidence/historical/V32_SOURCE_RECORD.md",
      "finding_count": 0
    },
    {
      "file": "papers/ABF-001/evidence/independent-final/abf001-independent-bitset.json",
      "finding_count": 0
    },
    {
      "file": "papers/ABF-001/evidence/receipts/small-universe-c-final.json",
      "finding_count": 0
    },
    {
      "file": "papers/ABF-001/evidence/receipts/small-universe-final.json",
      "finding_count": 0
    },
    {
      "file": "papers/ABF-001/evidence/receipts/tamper-control-final.json",
      "finding_count": 0
    },
    {
      "file": "papers/ABF-001/evidence/release/tests.txt",
      "finding_count": 0
    },
    {
      "file": "papers/ABF-001/EVIDENCE_MAP.md",
      "finding_count": 0
    },
    {
      "file": "papers/ABF-001/formal/ABF_FULL_LEAN_COMPLETION_MAP_V1.md",
      "finding_count": 0
    },
    {
      "file": "papers/ABF-001/formal/FORMAL_STATUS_V1.json",
      "finding_count": 0
    },
    {
      "file": "papers/ABF-001/FORMAL_VERIFICATION.md",
      "finding_count": 0
    },
    {
      "file": "papers/ABF-001/FULL_LEAN_COMPLETION_MAP.md",
      "finding_count": 0
    },
    {
      "file": "papers/ABF-001/literature/FINAL_DELTA_SEARCH.md",
      "finding_count": 0
    },
    {
      "file": "papers/ABF-001/literature/HUMAN_AI_MATHEMATICS_LANDSCAPE.md",
      "finding_count": 0
    },
    {
      "file": "papers/ABF-001/literature/PRIMARY_SOURCE_MAP.md",
      "finding_count": 0
    },
    {
      "file": "papers/ABF-001/literature/SEARCH_PROTOCOL.md",
      "finding_count": 0
    },
    {
      "file": "papers/ABF-001/manuscript/ABF-001_MANUSCRIPT.md",
      "finding_count": 0
    },
    {
      "file": "papers/ABF-001/MANUSCRIPT_TERMS.md",
      "finding_count": 0
    },
    {
      "file": "papers/ABF-001/OWNER_AUTHORIZATION.md",
      "finding_count": 0
    },
    {
      "file": "papers/ABF-001/PLAIN_LANGUAGE.md",
      "finding_count": 0
    },
    {
      "file": "papers/ABF-001/PRIOR_ART.md",
      "finding_count": 0
    },
    {
      "file": "papers/ABF-001/PROOF_MAP.md",
      "finding_count": 0
    },
    {
      "file": "papers/ABF-001/qa/final-clean-execution-receipt.json",
      "finding_count": 0
    },
    {
      "file": "papers/ABF-001/README.md",
      "finding_count": 0
    },
    {
      "file": "papers/ABF-001/REPRODUCE.md",
      "finding_count": 0
    },
    {
      "file": "papers/ABF-001/requirements-release.txt",
      "finding_count": 0
    },
    {
      "file": "papers/ABF-001/requirements.txt",
      "finding_count": 0
    },
    {
      "file": "papers/ABF-001/review/ABF-001_EXECUTIVE_SUMMARY.md",
      "finding_count": 0
    },
    {
      "file": "papers/ABF-001/review/ABF-001_REVIEWER_GUIDE.md",
      "finding_count": 0
    },
    {
      "file": "papers/ABF-001/review/COVER_LETTER.md",
      "finding_count": 0
    },
    {
      "file": "papers/ABF-001/review/FINAL_HOSTILE_REVIEW.md",
      "finding_count": 0
    },
    {
      "file": "papers/ABF-001/review/HOSTILE_REVIEW.md",
      "finding_count": 0
    },
    {
      "file": "papers/ABF-001/REVIEW_REQUEST.md",
      "finding_count": 0
    },
    {
      "file": "papers/ABF-001/SOURCE_MANIFEST.json",
      "finding_count": 0
    },
    {
      "file": "papers/ABF-001/SOURCE_SHA256SUMS.txt",
      "finding_count": 0
    },
    {
      "file": "papers/ABF-001/src/_primary_bundle/manifest.json",
      "finding_count": 0
    },
    {
      "file": "papers/ABF-001/src/abf001_independent_bitset.py",
      "finding_count": 0
    },
    {
      "file": "papers/ABF-001/src/abf001_small_universe.py",
      "finding_count": 0
    },
    {
      "file": "papers/ABF-001/src/abf001_tamper_control.py",
      "finding_count": 0
    },
    {
      "file": "papers/ABF-001/src/abf001_verifier.py",
      "finding_count": 0
    },
    {
      "file": "papers/ABF-001/src/assemble_primary.py",
      "finding_count": 0
    },
    {
      "file": "papers/ABF-001/STATUS.json",
      "finding_count": 0
    },
    {
      "file": "papers/ABF-001/tests/test_abf001.py",
      "finding_count": 0
    },
    {
      "file": "papers/ABF-001/THIRD_PARTY_NOTICES.md",
      "finding_count": 0
    },
    {
      "file": "papers/ABF-001/tools/build_abf001_publication.py",
      "finding_count": 0
    },
    {
      "file": "papers/HINC-001/AI_DISCLOSURE.md",
      "finding_count": 0
    },
    {
      "file": "papers/HINC-001/CITATION.cff",
      "finding_count": 0
    },
    {
      "file": "papers/HINC-001/CLAIMS.md",
      "finding_count": 0
    },
    {
      "file": "papers/HINC-001/CODE_TERMS.md",
      "finding_count": 0
    },
    {
      "file": "papers/HINC-001/DATA_AND_EVIDENCE_TERMS.md",
      "finding_count": 0
    },
    {
      "file": "papers/HINC-001/evidence/BINARY_ARTIFACT_IDENTITIES.md",
      "finding_count": 0
    },
    {
      "file": "papers/HINC-001/evidence/local-fresh-copy-log.txt",
      "finding_count": 0
    },
    {
      "file": "papers/HINC-001/evidence/local-test-log.txt",
      "finding_count": 0
    },
    {
      "file": "papers/HINC-001/evidence/standalone-certificate.json",
      "finding_count": 0
    },
    {
      "file": "papers/HINC-001/evidence/submission-execution-receipt.json",
      "finding_count": 0
    },
    {
      "file": "papers/HINC-001/EVIDENCE_MAP.md",
      "finding_count": 0
    },
    {
      "file": "papers/HINC-001/formal/HINC_FULL_LEAN_COMPLETION_MAP_V1.md",
      "finding_count": 0
    },
    {
      "file": "papers/HINC-001/FORMAL_VERIFICATION.md",
      "finding_count": 0
    },
    {
      "file": "papers/HINC-001/FOUNDATIONAL_HOCHSCHILD_DERIVATION_2026-07-27.md",
      "finding_count": 0
    },
    {
      "file": "papers/HINC-001/FULL_LEAN_COMPLETION_MAP.md",
      "finding_count": 0
    },
    {
      "file": "papers/HINC-001/GENERATOR_TO_GLOBAL_LEMMA_2026-07-27.md",
      "finding_count": 0
    },
    {
      "file": "papers/HINC-001/HOSTILE_REVIEW_2026-07-27.md",
      "finding_count": 0
    },
    {
      "file": "papers/HINC-001/manuscript/HINC-001_REVISED_MANUSCRIPT.md",
      "finding_count": 0
    },
    {
      "file": "papers/HINC-001/manuscript/MANUSCRIPT_INDEX.md",
      "finding_count": 0
    },
    {
      "file": "papers/HINC-001/manuscript/MANUSCRIPT_PART_1.md",
      "finding_count": 0
    },
    {
      "file": "papers/HINC-001/manuscript/MANUSCRIPT_PART_2.md",
      "finding_count": 0
    },
    {
      "file": "papers/HINC-001/manuscript/MANUSCRIPT_PART_3.md",
      "finding_count": 0
    },
    {
      "file": "papers/HINC-001/manuscript/MANUSCRIPT_PART_4.md",
      "finding_count": 0
    },
    {
      "file": "papers/HINC-001/MANUSCRIPT_ERRATA_2026-07-27.md",
      "finding_count": 0
    },
    {
      "file": "papers/HINC-001/MANUSCRIPT_TERMS.md",
      "finding_count": 0
    },
    {
      "file": "papers/HINC-001/ODD_PRESENTATION_NORMAL_FORM_2026-07-27.md",
      "finding_count": 0
    },
    {
      "file": "papers/HINC-001/PLAIN_LANGUAGE.md",
      "finding_count": 0
    },
    {
      "file": "papers/HINC-001/PRIOR_ART.md",
      "finding_count": 0
    },
    {
      "file": "papers/HINC-001/PRIOR_ART_PRIMARY_SOURCE_MAP_2026-07-27.json",
      "finding_count": 0
    },
    {
      "file": "papers/HINC-001/PROOF_MAP.md",
      "finding_count": 0
    },
    {
      "file": "papers/HINC-001/PUBLICATION_ARTIFACTS_0.1.0.md",
      "finding_count": 0
    },
    {
      "file": "papers/HINC-001/README.md",
      "finding_count": 0
    },
    {
      "file": "papers/HINC-001/REPRODUCE.md",
      "finding_count": 0
    },
    {
      "file": "papers/HINC-001/requirements.txt",
      "finding_count": 0
    },
    {
      "file": "papers/HINC-001/review/COVER_LETTER.md",
      "finding_count": 0
    },
    {
      "file": "papers/HINC-001/review/SPECIALIST_REVIEW_PACKET_SOURCE.md",
      "finding_count": 0
    },
    {
      "file": "papers/HINC-001/review/SUBMISSION_METADATA_TEMPLATE.json",
      "finding_count": 0
    },
    {
      "file": "papers/HINC-001/REVIEW_REQUEST.md",
      "finding_count": 0
    },
    {
      "file": "papers/HINC-001/SOURCE_MANIFEST.json",
      "finding_count": 0
    },
    {
      "file": "papers/HINC-001/src/mcrc_hidden_infinitesimal_noncommutativity_standalone.py",
      "finding_count": 0
    },
    {
      "file": "papers/HINC-001/src/standalone_common_core_verifier.py",
      "finding_count": 0
    },
    {
      "file": "papers/HINC-001/STATUS.json",
      "finding_count": 0
    },
    {
      "file": "papers/HINC-001/teaching/TEACHING_HANDOUT.md",
      "finding_count": 0
    },
    {
      "file": "papers/HINC-001/tests/test_hinc_standalone.py",
      "finding_count": 0
    },
    {
      "file": "papers/HINC-001/THIRD_PARTY_NOTICES.md",
      "finding_count": 0
    },
    {
      "file": "PRIVATE_PREFLIGHT_CORRECTION_2026-07-27.md",
      "finding_count": 0
    },
    {
      "file": "PUBLIC_REVIEW_FORMALIZATION_HOLD_2026-07-29.md",
      "finding_count": 0
    },
    {
      "file": "PUBLIC_REVIEW_RELEASE.md",
      "finding_count": 0
    },
    {
      "file": "PUBLIC_SWITCH_READINESS.md",
      "finding_count": 0
    },
    {
      "file": "PUBLICATION_GATES.md",
      "finding_count": 0
    },
    {
      "file": "PUBLICATION_WORKFLOW.md",
      "finding_count": 0
    },
    {
      "file": "README.md",
      "finding_count": 0
    },
    {
      "file": "reports/abf-lake-version-major-repair-v2.txt",
      "finding_count": 0
    },
    {
      "file": "reports/abf-lake-version-v3.txt",
      "finding_count": 0
    },
    {
      "file": "reports/abf-lean-build-major-repair-v2.txt",
      "finding_count": 0
    },
    {
      "file": "reports/abf-lean-build-v3.txt",
      "finding_count": 0
    },
    {
      "file": "reports/abf-lean-cache-major-repair-v2.txt",
      "finding_count": 0
    },
    {
      "file": "reports/abf-test-log-major-repair-v2.txt",
      "finding_count": 0
    },
    {
      "file": "reports/abf-test-log-v3.txt",
      "finding_count": 0
    },
    {
      "file": "reports/full-lean-portfolio-validation-major-repair-v2.json",
      "finding_count": 0
    },
    {
      "file": "reports/full-lean-portfolio-validation-v3.json",
      "finding_count": 0
    },
    {
      "file": "reports/hinc-lake-version-major-repair-v2.txt",
      "finding_count": 0
    },
    {
      "file": "reports/hinc-lake-version-v3.txt",
      "finding_count": 0
    },
    {
      "file": "reports/hinc-lean-build-major-repair-v2.txt",
      "finding_count": 0
    },
    {
      "file": "reports/hinc-lean-build-v3.txt",
      "finding_count": 0
    },
    {
      "file": "reports/hinc-lean-cache-major-repair-v2.txt",
      "finding_count": 0
    },
    {
      "file": "reports/hinc-test-log-major-repair-v2.txt",
      "finding_count": 0
    },
    {
      "file": "reports/hinc-test-log-v3.txt",
      "finding_count": 0
    },
    {
      "file": "reports/hosted-runner-availability-2026-07-27.json",
      "finding_count": 0
    },
    {
      "file": "reports/internal-link-negative-control-v3.json",
      "finding_count": 0
    },
    {
      "file": "reports/internal-link-validation-major-repair-v2.json",
      "finding_count": 0
    },
    {
      "file": "reports/internal-link-validation-v3.json",
      "finding_count": 0
    },
    {
      "file": "reports/javascript-syntax-v3.json",
      "finding_count": 0
    },
    {
      "file": "reports/json-schema-negative-controls-v3.json",
      "finding_count": 0
    },
    {
      "file": "reports/json-schema-validation-major-repair-v2.json",
      "finding_count": 0
    },
    {
      "file": "reports/json-schema-validation-v3.json",
      "finding_count": 0
    },
    {
      "file": "reports/json-syntax-validation-v3.json",
      "finding_count": 0
    },
    {
      "file": "reports/learn-inline-major-repair-v2.js",
      "finding_count": 0
    },
    {
      "file": "reports/learn-inline-v3.js",
      "finding_count": 0
    },
    {
      "file": "reports/learning-page-validation-major-repair-v2.json",
      "finding_count": 0
    },
    {
      "file": "reports/learning-page-validation-v3.json",
      "finding_count": 0
    },
    {
      "file": "reports/learning-serve-major-repair-v2/serve-fetch-receipt.json",
      "finding_count": 0
    },
    {
      "file": "reports/learning-serve-v3/serve-fetch-receipt.json",
      "finding_count": 0
    },
    {
      "file": "reports/LEARNING_PAGE_V12_RELEASE_EDGE.md",
      "finding_count": 0
    },
    {
      "file": "reports/pages-build-equivalent-v3.json",
      "finding_count": 0
    },
    {
      "file": "reports/post-release-cross-package-audit-2026-07-28.json",
      "finding_count": 0
    },
    {
      "file": "reports/POST_RELEASE_CROSS_PACKAGE_AUDIT_2026-07-28.md",
      "finding_count": 0
    },
    {
      "file": "reports/public-release-audit-2026-07-27.json",
      "finding_count": 0
    },
    {
      "file": "reports/public-release-receipt-2026-07-27.json",
      "finding_count": 0
    },
    {
      "file": "reports/public-release-v2-validation-major-repair-v2.json",
      "finding_count": 0
    },
    {
      "file": "reports/public-release-v2-validation-v3.json",
      "finding_count": 0
    },
    {
      "file": "reports/public-release-validation-major-repair-v2.json",
      "finding_count": 0
    },
    {
      "file": "reports/public-release-validation-v3.json",
      "finding_count": 0
    },
    {
      "file": "reports/public-state-validation-major-repair-v2.json",
      "finding_count": 0
    },
    {
      "file": "reports/public-state-validation-v3.json",
      "finding_count": 0
    },
    {
      "file": "reports/public-status-major-repair-v2-author-receipt.json",
      "finding_count": 0
    },
    {
      "file": "reports/public-status-mutation-tests-major-repair-v2.json",
      "finding_count": 0
    },
    {
      "file": "reports/public-status-mutation-tests-v3.json",
      "finding_count": 0
    },
    {
      "file": "reports/public-status-v3-author-receipt.json",
      "finding_count": 0
    },
    {
      "file": "reports/public-surface-scan-major-repair-v2.json",
      "finding_count": 0
    },
    {
      "file": "reports/public-surface-scan-v3.json",
      "finding_count": 0
    },
    {
      "file": "reports/public-switch-readiness.json",
      "finding_count": 0
    },
    {
      "file": "reports/publication-gate-validation-major-repair-v2.json",
      "finding_count": 0
    },
    {
      "file": "reports/publication-gate-validation-v3.json",
      "finding_count": 0
    },
    {
      "file": "reports/publication-gates/ABF-001.json",
      "finding_count": 0
    },
    {
      "file": "reports/publication-gates/HINC-001.json",
      "finding_count": 0
    },
    {
      "file": "reports/publication-v1-validation-major-repair-v2.json",
      "finding_count": 0
    },
    {
      "file": "reports/publication-v1-validation-v3.json",
      "finding_count": 0
    },
    {
      "file": "reports/publication-validation-major-repair-v2.json",
      "finding_count": 0
    },
    {
      "file": "reports/publication-validation-v3.json",
      "finding_count": 0
    },
    {
      "file": "reports/publication-validation.json",
      "finding_count": 0
    },
    {
      "file": "reports/python-compile-v3.json",
      "finding_count": 0
    },
    {
      "file": "reports/status-consistency-validation-major-repair-v2.json",
      "finding_count": 0
    },
    {
      "file": "reports/status-consistency-validation-v3.json",
      "finding_count": 0
    },
    {
      "file": "requirements-validation.txt",
      "finding_count": 0
    },
    {
      "file": "research-index.json",
      "finding_count": 0
    },
    {
      "file": "RESEARCH_INDEX.md",
      "finding_count": 0
    },
    {
      "file": "REVIEW_PROTOCOL.md",
      "finding_count": 0
    },
    {
      "file": "RIGHTS_AND_LICENSING.md",
      "finding_count": 0
    },
    {
      "file": "RUN-INITIALIZE-N-HUMAN-AI-MATHEMATICS.cmd",
      "finding_count": 0
    },
    {
      "file": "schemas/full-lean-portfolio.schema.json",
      "finding_count": 0
    },
    {
      "file": "schemas/paper-1-3-full-lean-status.schema.json",
      "finding_count": 0
    },
    {
      "file": "schemas/paper-status.schema.json",
      "finding_count": 0
    },
    {
      "file": "schemas/publication-gate.schema.json",
      "finding_count": 0
    },
    {
      "file": "schemas/research-index.schema.json",
      "finding_count": 0
    },
    {
      "file": "START_HERE.md",
      "finding_count": 0
    },
    {
      "file": "STATUS.md",
      "finding_count": 0
    },
    {
      "file": "tools/Initialize-N-Human-AI-Mathematics.ps1",
      "finding_count": 0
    },
    {
      "file": "tools/Invoke-PublicSwitchPreflight.ps1",
      "finding_count": 0
    },
    {
      "file": "tools/materialize_github_commit_prefix.py",
      "finding_count": 0
    },
    {
      "file": "tools/prepare_abf001_integration.py",
      "finding_count": 0
    },
    {
      "file": "tools/prepare_abf001_integration_v2.py",
      "finding_count": 0
    },
    {
      "file": "tools/prepare_abf001_integration_v3.py",
      "finding_count": 0
    },
    {
      "file": "tools/public_status_checks.py",
      "finding_count": 0
    },
    {
      "file": "tools/test_internal_link_negative_control.py",
      "finding_count": 0
    },
    {
      "file": "tools/test_json_schema_negative_controls.py",
      "finding_count": 0
    },
    {
      "file": "tools/test_public_status_mutations.py",
      "finding_count": 0
    },
    {
      "file": "tools/validate_full_lean_portfolio.py",
      "finding_count": 0
    },
    {
      "file": "tools/validate_internal_links.py",
      "finding_count": 0
    },
    {
      "file": "tools/validate_json_schema.py",
      "finding_count": 0
    },
    {
      "file": "tools/validate_learning_page.py",
      "finding_count": 0
    },
    {
      "file": "tools/validate_public_release.py",
      "finding_count": 0
    },
    {
      "file": "tools/validate_public_release_v2.py",
      "finding_count": 0
    },
    {
      "file": "tools/validate_public_state.py",
      "finding_count": 0
    },
    {
      "file": "tools/validate_public_surface_scan.py",
      "finding_count": 0
    },
    {
      "file": "tools/validate_publication.py",
      "finding_count": 0
    },
    {
      "file": "tools/validate_publication_gate.py",
      "finding_count": 0
    },
    {
      "file": "tools/validate_publication_v2.py",
      "finding_count": 0
    },
    {
      "file": "tools/validate_status_consistency.py",
      "finding_count": 0
    }
  ],
  "result": "PASS",
  "schema": "n.human_ai_mathematics.public_surface_scan.v1",
  "tracked_text_files_scanned": 246,
  "validator_workflow_exclusions": 0
}
stderr:


[09-internal-links-positive] PASS exit=0
description: Positive internal-link and duplicate-ID validation
working_directory: C:\tmp\nhaim-public-status-v4-exact-head-v2-worktree-019fb0f6-final
command:
  python -B tools/validate_internal_links.py --root . --output 'C:\tmp\nhaim-public-status-v4-evidence-v2-output-019fb0f6-final\internal-link-validation.json'
stdout:
{
  "error_count": 0,
  "findings": [],
  "html_files": [
    "docs/index.html",
    "docs/learn.html"
  ],
  "result": "PASS",
  "schema": "n.human_ai_mathematics.internal_link_validation.v1"
}
stderr:


[10-learning-page] PASS exit=0
description: Learning-page validation and JavaScript extraction
working_directory: C:\tmp\nhaim-public-status-v4-exact-head-v2-worktree-019fb0f6-final
command:
  python -B tools/validate_learning_page.py . --output 'C:\tmp\nhaim-public-status-v4-evidence-v2-output-019fb0f6-final\learning-page-validation.json' --javascript-output 'C:\tmp\nhaim-public-status-v4-evidence-v2-output-019fb0f6-final\learn-inline.js'
stdout:
{
  "boundaries": {
    "abf_001_active_review": true,
    "acm_001_hold": true,
    "fsg_001_private_mathematical_hold": true,
    "fsg_interactive_preview_disabled": true,
    "hinc_001_active_review": true,
    "private_fsg_source_exposed": false
  },
  "checks": {
    "correction_file": 1,
    "correction_record": 6,
    "forbidden_text_absent": 8,
    "fsg_noninteractive": 1,
    "index_file": 1,
    "index_integration": 7,
    "index_overclaim_absent": 4,
    "interactive_abf": 1,
    "interactive_acm": 1,
    "interactive_hinc": 1,
    "one_inline_script": 1,
    "page_file": 1,
    "page_size": 1,
    "required_boundary_text": 9,
    "unique_ids": 1
  },
  "failures": [],
  "files": {
    "FSG_001_PUBLIC_TEACHING_HOLD_2026-07-29.md": {
      "bytes": 2748,
      "sha256": "9fd811af87d151b688668c5182f953ce0041fd34dcb1d2c39e3506c07d64c823"
    },
    "docs/index.html": {
      "bytes": 10185,
      "sha256": "ca90a2c051ab670b3b8ea3c5b6945bfeb5fbe3e626d627f7cb5d89cd66a7cfde"
    },
    "docs/learn.html": {
      "bytes": 21775,
      "sha256": "458b3f2ab22f77ee07042791213d3040df87c64ab6a1c292933abc289bcf294e"
    }
  },
  "result": "PASS",
  "schema": "n.human_ai_mathematics.learning_page_validation.v14",
  "total_checks": 44
}
stderr:


[11-javascript-syntax] PASS exit=0
description: JavaScript syntax validation
working_directory: C:\tmp\nhaim-public-status-v4-exact-head-v2-worktree-019fb0f6-final
command:
  node --check 'C:\tmp\nhaim-public-status-v4-evidence-v2-output-019fb0f6-final\learn-inline.js'
stdout:

stderr:


[12-serve-fetch] PASS exit=0
description: Serve/fetch validation
working_directory: C:\tmp\nhaim-public-status-v4-exact-head-v2-worktree-019fb0f6-final
command:
  python -B -c 'import functools,http.server,json,pathlib,socketserver,threading,urllib.request; docs=pathlib.Path(''docs'').resolve(); handler=functools.partial(http.server.SimpleHTTPRequestHandler, directory=str(docs)); srv=socketserver.TCPServer((''127.0.0.1'',0), handler); port=srv.server_address[1]; thread=threading.Thread(target=srv.serve_forever, daemon=True); thread.start(); index=urllib.request.urlopen(f''http://127.0.0.1:{port}/index.html'', timeout=10).read().decode(''utf-8''); learn=urllib.request.urlopen(f''http://127.0.0.1:{port}/learn.html'', timeout=10).read().decode(''utf-8''); srv.shutdown(); srv.server_close(); checks={''hinc_active'':''HINC-001</dt><dd>Active candidate public technical review'' in index,''abf_active'':''ABF-001</dt><dd>Active candidate public technical review'' in index,''fsg_hold'':''FSG-001</dt><dd>Private / HOLD -- MATHEMATICAL BLOCKER / no public theorem package released'' in index,''acm_hold'':''ACM-001</dt><dd>Hold pending consolidation'' in index,''preview_paused'':''The teaching preview is paused.'' in learn,''hinc_abf_active'':''HINC-001 and ABF-001 are active candidate public technical-review packages'' in learn}; ok=all(checks.values()); pathlib.Path(''C:\\tmp\\nhaim-public-status-v4-evidence-v2-output-019fb0f6-final\\serve-fetch-receipt.json'').write_text(json.dumps({''schema'':''nhaim.public_status.serve_fetch.v4.1'',''result'':''PASS'' if ok else ''FAIL'',''port'':port,''checks'':checks}, indent=2, sort_keys=True)+''\n'', encoding=''utf-8''); print(json.dumps(checks, sort_keys=True)); raise SystemExit(0 if ok else 1)'
stdout:
{"abf_active": true, "acm_hold": true, "fsg_hold": true, "hinc_abf_active": true, "hinc_active": true, "preview_paused": true}
stderr:
127.0.0.1 - - [29/Jul/2026 23:28:23] "GET /index.html HTTP/1.1" 200 -
127.0.0.1 - - [29/Jul/2026 23:28:23] "GET /learn.html HTTP/1.1" 200 -

[13-pages-build-equivalent] PASS exit=0
description: GitHub Pages build-equivalent validation without deployment
working_directory: C:\tmp\nhaim-public-status-v4-exact-head-v2-worktree-019fb0f6-final
command:
  python -B -c 'import json,pathlib; index=pathlib.Path(''docs/index.html'').read_text(encoding=''utf-8''); learn=pathlib.Path(''docs/learn.html'').read_text(encoding=''utf-8''); checks={''hinc_active'':''HINC-001</dt><dd>Active candidate public technical review'' in index,''abf_active'':''ABF-001</dt><dd>Active candidate public technical review'' in index,''fsg_hold'':''FSG-001</dt><dd>Private / HOLD -- MATHEMATICAL BLOCKER / no public theorem package released'' in index,''acm_hold'':''ACM-001</dt><dd>Hold pending consolidation'' in index,''preview_paused'':''The teaching preview is paused.'' in learn,''no_full_lean_overclaim'':''fully Lean verified'' not in index.lower()}; ok=all(checks.values()); pathlib.Path(''C:\\tmp\\nhaim-public-status-v4-evidence-v2-output-019fb0f6-final\\pages-build-equivalent.json'').write_text(json.dumps({''schema'':''nhaim.public_status.pages_build_equivalent.v4.1'',''result'':''PASS'' if ok else ''FAIL'',''checks'':checks}, indent=2, sort_keys=True)+''\n'', encoding=''utf-8''); print(json.dumps(checks, sort_keys=True)); raise SystemExit(0 if ok else 1)'
stdout:
{"abf_active": true, "acm_hold": true, "fsg_hold": true, "hinc_active": true, "no_full_lean_overclaim": true, "preview_paused": true}
stderr:


[14-publication-v1] PASS exit=0
description: Publication validator v1
working_directory: C:\tmp\nhaim-public-status-v4-exact-head-v2-worktree-019fb0f6-final
command:
  python -B tools/validate_publication.py --root . --allow-public --json-output 'C:\tmp\nhaim-public-status-v4-evidence-v2-output-019fb0f6-final\publication-v1-validation.json'
stdout:
{"error_count": 0, "result": "PASS", "warning_count": 0}
stderr:


[15-publication-v2] PASS exit=0
description: Publication validator v2
working_directory: C:\tmp\nhaim-public-status-v4-exact-head-v2-worktree-019fb0f6-final
command:
  python -B tools/validate_publication_v2.py --root . --allow-public --json-output 'C:\tmp\nhaim-public-status-v4-evidence-v2-output-019fb0f6-final\publication-v2-validation.json'
stdout:
{"error_count": 0, "result": "PASS", "warning_count": 0}
stderr:


[16-public-state] PASS exit=0
description: Public-state validation
working_directory: C:\tmp\nhaim-public-status-v4-exact-head-v2-worktree-019fb0f6-final
command:
  python -B tools/validate_public_state.py --root . --json-output 'C:\tmp\nhaim-public-status-v4-evidence-v2-output-019fb0f6-final\public-state-validation.json'
stdout:
{"result": "PASS", "error_count": 0}
stderr:


[17-public-release] PASS exit=0
description: Public-release validation
working_directory: C:\tmp\nhaim-public-status-v4-exact-head-v2-worktree-019fb0f6-final
command:
  python -B tools/validate_public_release.py --root . --json-output 'C:\tmp\nhaim-public-status-v4-evidence-v2-output-019fb0f6-final\public-release-validation.json'
stdout:
{"error_count": 0, "result": "PASS"}
stderr:


[18-public-release-v2] PASS exit=0
description: Public-release validator v2
working_directory: C:\tmp\nhaim-public-status-v4-exact-head-v2-worktree-019fb0f6-final
command:
  python -B tools/validate_public_release_v2.py --root . --json-output 'C:\tmp\nhaim-public-status-v4-evidence-v2-output-019fb0f6-final\public-release-v2-validation.json'
stdout:
{"error_count": 0, "result": "PASS"}
stderr:


[19-publication-gate] PASS exit=0
description: Publication-gate validation
working_directory: C:\tmp\nhaim-public-status-v4-exact-head-v2-worktree-019fb0f6-final
command:
  python -B tools/validate_publication_gate.py --root . --json-output 'C:\tmp\nhaim-public-status-v4-evidence-v2-output-019fb0f6-final\publication-gate-validation.json'
stdout:
{"error_count": 0, "result": "PASS"}
stderr:


[20-full-lean-boundary] PASS exit=0
description: Full-Lean portfolio boundary validation
working_directory: C:\tmp\nhaim-public-status-v4-exact-head-v2-worktree-019fb0f6-final
command:
  python -B tools/validate_full_lean_portfolio.py --root . --output 'C:\tmp\nhaim-public-status-v4-evidence-v2-output-019fb0f6-final\full-lean-portfolio-validation.json'
stdout:
{
  "active_public_candidate_review_packages": [
    "HINC-001",
    "ABF-001"
  ],
  "checks": {
    "abf_a01_preserved": 1,
    "abf_lane_not_full": 1,
    "abf_release_active": 1,
    "abf_status_not_full": 1,
    "abf_status_partial": 1,
    "active_candidate_packages": 1,
    "active_review_partial_allowed": 1,
    "bounded_not_full": 1,
    "control_phrase": 7,
    "fsg_math_blocker": 1,
    "fsg_no_public_package": 1,
    "fsg_no_release_auth": 1,
    "fsg_not_authorized": 1,
    "full_pass_admit_zero": 1,
    "full_pass_axiom_zero": 1,
    "full_pass_build": 1,
    "full_pass_fidelity": 1,
    "full_pass_flag": 1,
    "full_pass_required_for_full_lean": 1,
    "full_pass_sorry_zero": 1,
    "full_pass_sorryax_false": 1,
    "full_pass_unmapped_zero": 1,
    "full_pass_unresolved_zero": 1,
    "hinc_release_active": 1,
    "hinc_status_not_full": 1,
    "hinc_status_partial": 1,
    "lean_boundary": 1,
    "no_full_pass_papers": 1,
    "no_fully_lean_verified_manuscripts": 1,
    "paper_active_authorized": 2,
    "paper_formal_state": 4,
    "paper_no_claim_map": 2,
    "paper_not_full": 4,
    "paper_public_state": 4,
    "paper_summary_status": 4,
    "policy_selected": 1,
    "portfolio_not_full": 1,
    "required_file": 16,
    "research_abf_active": 1,
    "research_acm_hold": 1,
    "research_fsg_hold": 1,
    "research_hinc_active": 1,
    "site_overclaim_absent": 9,
    "site_phrase": 5,
    "status_schema": 1
  },
  "failures": [],
  "files": {
    "AGENTS.md": {
      "bytes": 10305,
      "sha256": "c532aa8267158ba33d1d65aef9202b59ddb94414d96837c410b776b61501c573"
    },
    "FULL_LEAN_RELEASE_STANDARD.md": {
      "bytes": 3999,
      "sha256": "3ddb442c892284b0b0692824cbce3c647fe17aebf821c7965100969908c97ec3"
    },
    "FULL_LEAN_VERIFICATION_PROGRAM.md": {
      "bytes": 4051,
      "sha256": "1d116614356c08d642d56f5f54a0e3fec831cac1ef710b77f22a9a4cc0533938"
    },
    "PAPER_1_3_FULL_LEAN_STATUS.json": {
      "bytes": 3694,
      "sha256": "ee4a6165a41302e5761776385ca81caf73049a22fe4f3b2b9277eb982f39dbb1"
    },
    "PUBLIC_REVIEW_FORMALIZATION_HOLD_2026-07-29.md": {
      "bytes": 3261,
      "sha256": "01994655a8d35e703ff8a1aa1a6271c968c1b3b69d7724527bcda344a6363a99"
    },
    "PUBLIC_REVIEW_RELEASE.md": {
      "bytes": 5703,
      "sha256": "ae6386c56cb594505d359cbe5d437cea587b15bac7eb7627d58a6ce7958ef193"
    },
    "STATUS.md": {
      "bytes": 4019,
      "sha256": "634b49b8dba278ef2c524c4f1283558cca9cf5c2818ebde98f5020733e510945"
    },
    "docs\\index.html": {
      "bytes": 10185,
      "sha256": "ca90a2c051ab670b3b8ea3c5b6945bfeb5fbe3e626d627f7cb5d89cd66a7cfde"
    },
    "docs\\learn.html": {
      "bytes": 21775,
      "sha256": "458b3f2ab22f77ee07042791213d3040df87c64ab6a1c292933abc289bcf294e"
    },
    "formal-verification-status.json": {
      "bytes": 3672,
      "sha256": "232d7d6b65448578546bd299c01940a30e25ba2eb782479d66321594df241df3"
    },
    "papers\\ABF-001\\FORMAL_VERIFICATION.md": {
      "bytes": 1998,
      "sha256": "74399a9458b6f964239c0cdc59f29e9b8c7d59457da1e579b96eb909cb353557"
    },
    "papers\\ABF-001\\STATUS.json": {
      "bytes": 4719,
      "sha256": "d1b6583f6ad75b06411cce616a699404cda0ecf79af594286ca2451877272dd7"
    },
    "papers\\ABF-001\\formal\\FORMAL_STATUS_V1.json": {
      "bytes": 1026,
      "sha256": "e1920f232ce3cdbdde668e5217d1496281c8171543c777534fab7826a56c7e0a"
    },
    "papers\\HINC-001\\FORMAL_VERIFICATION.md": {
      "bytes": 5560,
      "sha256": "bac44f546c0742459e37928dfff173fefb4c199a5ad838cee67457e7273317ab"
    },
    "papers\\HINC-001\\STATUS.json": {
      "bytes": 6326,
      "sha256": "1b517f0f277492e234cc1355d5ea7458f386451337cf1bd14c525a9741e92815"
    },
    "research-index.json": {
      "bytes": 5197,
      "sha256": "906e83bcfc1af5df5adf7072db89be7a9c9d5852dc11ab76f4503ac2a70a2369"
    }
  },
  "fsg_public_release_authorized": false,
  "fully_lean_verified_manuscripts": [],
  "papers_with_full_pass": [],
  "portfolio_full_lean_verified": false,
  "result": "PASS",
  "schema": "n.human_ai_mathematics.full_lean_portfolio_validation.v3",
  "total_checks": 92
}
stderr:


[21-hinc-tests] PASS exit=0
description: HINC five-test suite
working_directory: C:\tmp\nhaim-public-status-v4-exact-head-v2-worktree-019fb0f6-final
command:
  python -B -m unittest discover -s papers/HINC-001/tests -p 'test_*.py' -v
stdout:

stderr:
test_certificate (test_hinc_standalone.CommonCoreTests.test_certificate) ... ok
test_deterministic_certificate (test_hinc_standalone.CommonCoreTests.test_deterministic_certificate) ... ok
test_even_identity (test_hinc_standalone.CommonCoreTests.test_even_identity) ... ok
test_field_point_counts (test_hinc_standalone.CommonCoreTests.test_field_point_counts) ... ok
test_odd_identity_and_local_identity (test_hinc_standalone.CommonCoreTests.test_odd_identity_and_local_identity) ... ok

----------------------------------------------------------------------
Ran 5 tests in 3.951s

OK

[22-abf-tests] PASS exit=0
description: ABF six-test suite
working_directory: C:\tmp\nhaim-public-status-v4-exact-head-v2-worktree-019fb0f6-final
command:
  $env:ABF001_TEST_OUTPUT_DIR='C:\tmp\nhaim-public-status-v4-evidence-v2-output-019fb0f6-final\abf-test-output'; python -B -m unittest discover -s papers/ABF-001/tests -p 'test_*.py' -v
stdout:

stderr:
test_bidual_edge_identity (test_abf001.ABF001VerifierTests.test_bidual_edge_identity) ... ok
test_hyperplane_profiles (test_abf001.ABF001VerifierTests.test_hyperplane_profiles) ... ok
test_incidence_forest (test_abf001.ABF001VerifierTests.test_incidence_forest) ... ok
test_radical_arrangement (test_abf001.ABF001VerifierTests.test_radical_arrangement) ... ok
test_rank_histogram (test_abf001.ABF001VerifierTests.test_rank_histogram) ... ok
test_truth_table_and_top_layer (test_abf001.ABF001VerifierTests.test_truth_table_and_top_layer) ... ok

----------------------------------------------------------------------
Ran 6 tests in 6.911s

OK

[23-hinc-lake-version] PASS exit=0
description: Record HINC Lake availability
working_directory: C:\tmp\nhaim-public-status-v4-exact-head-v2-worktree-019fb0f6-final\papers\HINC-001\formal
command:
  lake --version
stdout:
Lake version 5.0.0-src+d024af0 (Lean version 4.30.0)
stderr:


[24-hinc-lake-update] PASS exit=0
description: HINC bounded Lean dependency update
working_directory: C:\tmp\nhaim-public-status-v4-exact-head-v2-worktree-019fb0f6-final\papers\HINC-001\formal
command:
  lake update
stdout:
Decompressing 8283 already-cached file(s) (176 already decompressed)
Current branch: HEAD
Using cache (Azure) from origin: (some leanprover-community/mathlib4)
No files to download
Decompressed 8283 already-cached file(s)
Completed successfully in 67373 ms!
stderr:
info: hincFormal: no previous manifest, creating one from scratch
info: mathlib: cloning https://github.com/leanprover-community/mathlib4.git
info: mathlib: checking out revision 'c5ea00351c28e24afc9f0f84379aa41082b1188f'
info: toolchain not updated; already up-to-date
info: plausible: cloning https://github.com/leanprover-community/plausible
info: plausible: checking out revision 'a456461b368b71d2accd95234832cd9c174b5437'
info: LeanSearchClient: cloning https://github.com/leanprover-community/LeanSearchClient
info: LeanSearchClient: checking out revision 'c5d5b8fe6e5158def25cd28eb94e4141ad97c843'
info: importGraph: cloning https://github.com/leanprover-community/import-graph
info: importGraph: checking out revision '515cf9d0c00ece5e661f6de4326a53dedc1e8ea1'
info: proofwidgets: cloning https://github.com/leanprover-community/ProofWidgets4
info: proofwidgets: checking out revision 'a84b3e2475d5c5ab979567b1ad8aea21b764bcf8'
info: aesop: cloning https://github.com/leanprover-community/aesop
info: aesop: checking out revision '558915ae105bfd8074e22d597613d1961822adc2'
info: Qq: cloning https://github.com/leanprover-community/quote4
info: Qq: checking out revision 'a6e6c34c4ef182f83b219a3a5a385f51f44bdc4c'
info: batteries: cloning https://github.com/leanprover-community/batteries
info: batteries: checking out revision '32dc18cde3684679f3c003de608743b57498c56f'
info: Cli: cloning https://github.com/leanprover/lean4-cli
info: Cli: checking out revision '6b907cf12b2e445ccb7c24bc208ef04a1f39e84c'
info: mathlib: running post-update hooks
âœ” [2/24] Built Cache.Init (497ms)
âœ” [3/24] Built Cache.Init:c.o (83ms)
âœ” [4/24] Built Cache.Lean (1.9s)
âœ” [11/24] Built Cache.Lean:c.o (1.2s)
âœ” [12/24] Built Batteries.Data.Array.Match:c.o (160ms)
âœ” [13/24] Built Batteries.Data.String.Basic:c.o (161ms)
âœ” [14/24] Built Batteries.Data.String.Matcher:c.o (140ms)
âœ” [15/24] Built Cache.IO (1.6s)
âœ” [16/24] Built Batteries.Tactic.OpenPrivate:c.o (1.6s)
âœ” [17/24] Built Cache.Hashing (1.1s)
âœ” [18/24] Built Cache.IO:c.o (1.0s)
âœ” [19/24] Built Cache.Requests (1.7s)
âœ” [20/24] Built Cache.Hashing:c.o (1.7s)
âœ” [21/24] Built Cache.Main (1.1s)
âœ” [22/24] Built Cache.Requests:c.o (1.2s)
âœ” [23/24] Built Cache.Main:c.o (343ms)
âœ” [24/24] Built cache:exe (871ms)

[25-hinc-lake-cache-get] PASS exit=0
description: HINC bounded Lean cache fetch
working_directory: C:\tmp\nhaim-public-status-v4-exact-head-v2-worktree-019fb0f6-final\papers\HINC-001\formal
command:
  lake exe cache get
stdout:
Current branch: HEAD
Using cache (Azure) from origin: (some leanprover-community/mathlib4)
No files to download
Already decompressed 8459 file(s)
stderr:


[26-hinc-lake-build] PASS exit=0
description: HINC bounded Lean build
working_directory: C:\tmp\nhaim-public-status-v4-exact-head-v2-worktree-019fb0f6-final\papers\HINC-001\formal
command:
  lake build
stdout:
âš  [8475/8478] Built HINC.Core (14s)
warning: HINC/Core.lean:32:0: automatically included section variable(s) unused in theorem `HINC.CrossingPoint.ext`:
  [CharP R 2]
consider restructuring your `variable` declarations so that the variables are not in scope or explicitly omit them:
  omit [CharP R 2] in theorem ...

Note: This linter can be disabled with `set_option linter.unusedSectionVars false`
warning: HINC/Core.lean:82:0: automatically included section variable(s) unused in theorem `HINC.EvenPoint.ext`:
  [CharP R 2]
consider restructuring your `variable` declarations so that the variables are not in scope or explicitly omit them:
  omit [CharP R 2] in theorem ...

Note: This linter can be disabled with `set_option linter.unusedSectionVars false`
warning: HINC/Core.lean:190:19: unused variable `a`

Note: This linter can be disabled with `set_option linter.unusedVariables false`
warning: HINC/Core.lean:202:0: automatically included section variable(s) unused in theorem `HINC.affine_commutator_first`:
  [CharP R 2]
consider restructuring your `variable` declarations so that the variables are not in scope or explicitly omit them:
  omit [CharP R 2] in theorem ...

Note: This linter can be disabled with `set_option linter.unusedSectionVars false`
info: HINC/Core.lean:247:0: 'HINC.CrossingPoint.mul_assoc' depends on axioms: [propext, Quot.sound]
info: HINC/Core.lean:248:0: 'HINC.EvenPoint.mul_assoc' depends on axioms: [propext, Quot.sound]
info: HINC/Core.lean:249:0: 'HINC.EvenPoint.defect_formula' depends on axioms: [propext, Quot.sound]
info: HINC/Core.lean:250:0: 'HINC.EvenPoint.mul_comm_iff_defect_zero' depends on axioms: [propext, Quot.sound]
info: HINC/Core.lean:251:0: 'HINC.EvenPoint.center_equations_commute' depends on axioms: [propext, Quot.sound]
info: HINC/Core.lean:252:0: 'HINC.EvenPoint.center_equations_force_idempotent_x' depends on axioms: [propext]
info: HINC/Core.lean:253:0: 'HINC.affine_commutator_formula' depends on axioms: [propext, Quot.sound]
âš  [8476/8478] Built HINC.Classification (12s)
warning: HINC/Classification.lean:63:4: try 'simp' instead of 'simpa'

Note: This linter can be disabled with `set_option linter.unnecessarySimpa false`
warning: HINC/Classification.lean:45:0: automatically included section variable(s) unused in theorem `HINC.EvenRawCoeffs.generatorEquations_iff_normalForm`:
  [CharP R 2]
consider restructuring your `variable` declarations so that the variables are not in scope or explicitly omit them:
  omit [CharP R 2] in theorem ...

Note: This linter can be disabled with `set_option linter.unusedSectionVars false`
warning: HINC/Classification.lean:78:0: automatically included section variable(s) unused in theorem `HINC.EvenEndoData.ext`:
  [CharP R 2]
consider restructuring your `variable` declarations so that the variables are not in scope or explicitly omit them:
  omit [CharP R 2] in theorem ...

Note: This linter can be disabled with `set_option linter.unusedSectionVars false`
warning: HINC/Classification.lean:206:0: automatically included section variable(s) unused in theorem `HINC.OddRawCoeffs.generatorEquations_iff_normalForm`:
  [CharP R 2]
consider restructuring your `variable` declarations so that the variables are not in scope or explicitly omit them:
  omit [CharP R 2] in theorem ...

Note: This linter can be disabled with `set_option linter.unusedSectionVars false`
warning: HINC/Classification.lean:250:0: automatically included section variable(s) unused in theorem `HINC.OddEndoData.ext`:
  [CharP R 2]
consider restructuring your `variable` declarations so that the variables are not in scope or explicitly omit them:
  omit [CharP R 2] in theorem ...

Note: This linter can be disabled with `set_option linter.unusedSectionVars false`
info: HINC/Classification.lean:364:0: 'HINC.EvenRawCoeffs.generatorEquations_iff_normalForm' depends on axioms: [propext, Quot.sound]
info: HINC/Classification.lean:365:0: 'HINC.EvenEndoData.comp_assoc' depends on axioms: [propext, Quot.sound]
info: HINC/Classification.lean:366:0: 'HINC.EvenEndoData.principal_classification' depends on axioms: [propext, Quot.sound]
info: HINC/Classification.lean:367:0: 'HINC.OddRawCoeffs.generatorEquations_iff_normalForm' depends on axioms: [propext, Quot.sound]
info: HINC/Classification.lean:368:0: 'HINC.OddEndoData.comp_assoc' depends on axioms: [propext, Quot.sound]
info: HINC/Classification.lean:369:0: 'HINC.OddEndoData.comp_comm' depends on axioms: [propext, Quot.sound]
info: HINC/Classification.lean:370:0: 'HINC.OddEndoData.principal_classification' depends on axioms: [propext, Quot.sound]
âœ” [8477/8478] Built HINC (11s)
Build completed successfully (8478 jobs).
stderr:


[27-abf-lake-version] PASS exit=0
description: Record ABF Lake availability
working_directory: C:\tmp\nhaim-public-status-v4-exact-head-v2-worktree-019fb0f6-final\papers\ABF-001\formal
command:
  lake --version
stdout:
Lake version 5.0.0-src+d024af0 (Lean version 4.30.0)
stderr:


[28-abf-lake-update] PASS exit=0
description: ABF bounded A01 Lean dependency update
working_directory: C:\tmp\nhaim-public-status-v4-exact-head-v2-worktree-019fb0f6-final\papers\ABF-001\formal
command:
  lake update
stdout:
Decompressing 8283 already-cached file(s) (176 already decompressed)
Current branch: HEAD
Using cache (Azure) from origin: (some leanprover-community/mathlib4)
No files to download
Decompressed 8283 already-cached file(s)
Completed successfully in 65510 ms!
stderr:
info: abfFormal: no previous manifest, creating one from scratch
info: mathlib: cloning https://github.com/leanprover-community/mathlib4.git
info: mathlib: checking out revision 'c5ea00351c28e24afc9f0f84379aa41082b1188f'
info: toolchain not updated; already up-to-date
info: plausible: cloning https://github.com/leanprover-community/plausible
info: plausible: checking out revision 'a456461b368b71d2accd95234832cd9c174b5437'
info: LeanSearchClient: cloning https://github.com/leanprover-community/LeanSearchClient
info: LeanSearchClient: checking out revision 'c5d5b8fe6e5158def25cd28eb94e4141ad97c843'
info: importGraph: cloning https://github.com/leanprover-community/import-graph
info: importGraph: checking out revision '515cf9d0c00ece5e661f6de4326a53dedc1e8ea1'
info: proofwidgets: cloning https://github.com/leanprover-community/ProofWidgets4
info: proofwidgets: checking out revision 'a84b3e2475d5c5ab979567b1ad8aea21b764bcf8'
info: aesop: cloning https://github.com/leanprover-community/aesop
info: aesop: checking out revision '558915ae105bfd8074e22d597613d1961822adc2'
info: Qq: cloning https://github.com/leanprover-community/quote4
info: Qq: checking out revision 'a6e6c34c4ef182f83b219a3a5a385f51f44bdc4c'
info: batteries: cloning https://github.com/leanprover-community/batteries
info: batteries: checking out revision '32dc18cde3684679f3c003de608743b57498c56f'
info: Cli: cloning https://github.com/leanprover/lean4-cli
info: Cli: checking out revision '6b907cf12b2e445ccb7c24bc208ef04a1f39e84c'
info: mathlib: running post-update hooks
âœ” [2/24] Built Cache.Init (512ms)
âœ” [3/24] Built Cache.Lean (589ms)
âœ” [4/24] Built Cache.Init:c.o (85ms)
âœ” [5/24] Built Cache.Lean:c.o (99ms)
âœ” [12/24] Built Batteries.Data.String.Matcher:c.o (121ms)
âœ” [13/24] Built Batteries.Data.Array.Match:c.o (1.6s)
âœ” [14/24] Built Batteries.Data.String.Basic:c.o (1.6s)
âœ” [15/24] Built Batteries.Tactic.OpenPrivate:c.o (1.6s)
âœ” [16/24] Built Cache.IO (1.6s)
âœ” [17/24] Built Cache.IO:c.o (1.1s)
âœ” [18/24] Built Cache.Hashing (1.1s)
âœ” [19/24] Built Cache.Requests (1.7s)
âœ” [20/24] Built Cache.Hashing:c.o (1.7s)
âœ” [21/24] Built Cache.Main (1.1s)
âœ” [22/24] Built Cache.Requests:c.o (1.2s)
âœ” [23/24] Built Cache.Main:c.o (343ms)
âœ” [24/24] Built cache:exe (857ms)

[29-abf-lake-cache-get] PASS exit=0
description: ABF bounded A01 Lean cache fetch
working_directory: C:\tmp\nhaim-public-status-v4-exact-head-v2-worktree-019fb0f6-final\papers\ABF-001\formal
command:
  lake exe cache get
stdout:
Current branch: HEAD
Using cache (Azure) from origin: (some leanprover-community/mathlib4)
No files to download
Already decompressed 8459 file(s)
stderr:


[30-abf-lake-build] PASS exit=0
description: ABF bounded A01 Lean build
working_directory: C:\tmp\nhaim-public-status-v4-exact-head-v2-worktree-019fb0f6-final\papers\ABF-001\formal
command:
  lake build
stdout:
â„¹ [8475/8477] Built ABF.MomentKernel (14s)
info: ABF/MomentKernel.lean:74:0: 'ABF.generatorSpan_le_ker_iff' depends on axioms: [propext, Quot.sound]
info: ABF/MomentKernel.lean:75:0: 'ABF.mem_ker_iff_coordinatesZero' depends on axioms: [propext, Quot.sound]
info: ABF/MomentKernel.lean:76:0: 'ABF.bidual_moment_incidence' depends on axioms: [propext, Quot.sound]
info: ABF/MomentKernel.lean:77:0: 'ABF.bidual_span_kernel_incidence' depends on axioms: [propext, Quot.sound]
âœ” [8476/8477] Built ABF (11s)
Build completed successfully (8477 jobs).
stderr:


[30b-clean-lake-artifacts] PASS exit=0
description: Remove generated Lake artifacts before final clean check
working_directory: C:\tmp\nhaim-public-status-v4-exact-head-v2-worktree-019fb0f6-final
command:
  $root = (Resolve-Path -LiteralPath .).Path; $targets = @('papers/HINC-001/formal/.lake', 'papers/HINC-001/formal/lake-manifest.json', 'papers/ABF-001/formal/.lake', 'papers/ABF-001/formal/lake-manifest.json'); foreach ($rel in $targets) { $full = [System.IO.Path]::GetFullPath((Join-Path $root $rel)); if (-not $full.StartsWith($root)) { Write-Output "refusing cleanup outside worktree: $full"; exit 2 }; if (Test-Path -LiteralPath $full) { Remove-Item -LiteralPath $full -Recurse -Force; Write-Output "removed $rel" } }; $status = git status --porcelain=v1 --untracked-files=all; if ($status) { $status; exit 1 }
stdout:
removed papers/HINC-001/formal/.lake
removed papers/HINC-001/formal/lake-manifest.json
removed papers/ABF-001/formal/.lake
removed papers/ABF-001/formal/lake-manifest.json
stderr:


[31-whitespace] PASS exit=0
description: Whitespace diff check from base to exact head
working_directory: C:\tmp\nhaim-public-status-v4-exact-head-v2-worktree-019fb0f6-final
command:
  git diff --check d1edab648bd842dec20f8b21625f17258e5e9e9c HEAD --
stdout:

stderr:


[32-clean-after] PASS exit=0
description: Final clean-worktree check
working_directory: C:\tmp\nhaim-public-status-v4-exact-head-v2-worktree-019fb0f6-final
command:
  $s = git status --porcelain=v1 --untracked-files=all; if ($s) { $s; exit 1 }
stdout:

stderr:
